ISO-10303-21;
HEADER;
/* Generated by software containing ST-Developer
 * from STEP Tools, Inc. (www.steptools.com) 
 */

FILE_DESCRIPTION(
/* description */ (''),
/* implementation_level */ '2;1');

FILE_NAME(
/* name */ 'coreLight.step',
/* time_stamp */ '2026-08-31T13:18:42+02:00',
/* author */ (''),
/* organization */ (''),
/* preprocessor_version */ 'ST-DEVELOPER v20.1',
/* originating_system */ 'Autodesk Translation Framework v15.8.0.0',
/* authorisation */ '');

FILE_SCHEMA (('AUTOMOTIVE_DESIGN { 1 0 10303 214 3 1 1 }','AP242_MANAGED_MODEL_BASED_3D_ENGINEERING_MIM_LF { 1 0 10303 442 3 1 4 }'));
ENDSEC;

DATA;
#10=MECHANICAL_DESIGN_GEOMETRIC_PRESENTATION_REPRESENTATION('',(#13),#2790);
#11=SHAPE_REPRESENTATION_RELATIONSHIP('SRR','None',#2797,#12);
#12=ADVANCED_BREP_SHAPE_REPRESENTATION('',(#14),#2789);
#13=STYLED_ITEM('',(#2806),#14);
#14=MANIFOLD_SOLID_BREP('Corps1',#1786);
#15=CYLINDRICAL_SURFACE('',#1825,2.74999999999999);
#16=CIRCLE('',#1804,2.74999999999999);
#17=CIRCLE('',#1826,2.74999999999999);
#18=FACE_BOUND('',#137,.T.);
#19=FACE_BOUND('',#138,.T.);
#20=FACE_BOUND('',#155,.T.);
#21=FACE_BOUND('',#156,.T.);
#22=FACE_BOUND('',#157,.T.);
#23=FACE_BOUND('',#158,.T.);
#24=FACE_BOUND('',#159,.T.);
#25=FACE_BOUND('',#160,.T.);
#26=FACE_BOUND('',#161,.T.);
#27=FACE_BOUND('',#162,.T.);
#28=FACE_BOUND('',#163,.T.);
#29=FACE_BOUND('',#164,.T.);
#30=FACE_BOUND('',#165,.T.);
#31=FACE_BOUND('',#166,.T.);
#32=FACE_BOUND('',#167,.T.);
#33=FACE_BOUND('',#227,.T.);
#34=FACE_BOUND('',#228,.T.);
#35=FACE_BOUND('',#229,.T.);
#36=FACE_BOUND('',#232,.T.);
#37=FACE_BOUND('',#233,.T.);
#38=FACE_BOUND('',#234,.T.);
#39=FACE_BOUND('',#235,.T.);
#40=FACE_BOUND('',#236,.T.);
#41=FACE_BOUND('',#237,.T.);
#42=FACE_BOUND('',#238,.T.);
#43=FACE_BOUND('',#239,.T.);
#44=FACE_BOUND('',#240,.T.);
#45=FACE_BOUND('',#241,.T.);
#46=FACE_BOUND('',#242,.T.);
#47=FACE_BOUND('',#243,.T.);
#48=FACE_BOUND('',#244,.T.);
#49=FACE_BOUND('',#246,.T.);
#50=FACE_OUTER_BOUND('',#133,.T.);
#51=FACE_OUTER_BOUND('',#134,.T.);
#52=FACE_OUTER_BOUND('',#135,.T.);
#53=FACE_OUTER_BOUND('',#136,.T.);
#54=FACE_OUTER_BOUND('',#139,.T.);
#55=FACE_OUTER_BOUND('',#140,.T.);
#56=FACE_OUTER_BOUND('',#141,.T.);
#57=FACE_OUTER_BOUND('',#142,.T.);
#58=FACE_OUTER_BOUND('',#143,.T.);
#59=FACE_OUTER_BOUND('',#144,.T.);
#60=FACE_OUTER_BOUND('',#145,.T.);
#61=FACE_OUTER_BOUND('',#146,.T.);
#62=FACE_OUTER_BOUND('',#147,.T.);
#63=FACE_OUTER_BOUND('',#148,.T.);
#64=FACE_OUTER_BOUND('',#149,.T.);
#65=FACE_OUTER_BOUND('',#150,.T.);
#66=FACE_OUTER_BOUND('',#151,.T.);
#67=FACE_OUTER_BOUND('',#152,.T.);
#68=FACE_OUTER_BOUND('',#153,.T.);
#69=FACE_OUTER_BOUND('',#154,.T.);
#70=FACE_OUTER_BOUND('',#168,.T.);
#71=FACE_OUTER_BOUND('',#169,.T.);
#72=FACE_OUTER_BOUND('',#170,.T.);
#73=FACE_OUTER_BOUND('',#171,.T.);
#74=FACE_OUTER_BOUND('',#172,.T.);
#75=FACE_OUTER_BOUND('',#173,.T.);
#76=FACE_OUTER_BOUND('',#174,.T.);
#77=FACE_OUTER_BOUND('',#175,.T.);
#78=FACE_OUTER_BOUND('',#176,.T.);
#79=FACE_OUTER_BOUND('',#177,.T.);
#80=FACE_OUTER_BOUND('',#178,.T.);
#81=FACE_OUTER_BOUND('',#179,.T.);
#82=FACE_OUTER_BOUND('',#180,.T.);
#83=FACE_OUTER_BOUND('',#181,.T.);
#84=FACE_OUTER_BOUND('',#182,.T.);
#85=FACE_OUTER_BOUND('',#183,.T.);
#86=FACE_OUTER_BOUND('',#184,.T.);
#87=FACE_OUTER_BOUND('',#185,.T.);
#88=FACE_OUTER_BOUND('',#186,.T.);
#89=FACE_OUTER_BOUND('',#187,.T.);
#90=FACE_OUTER_BOUND('',#188,.T.);
#91=FACE_OUTER_BOUND('',#189,.T.);
#92=FACE_OUTER_BOUND('',#190,.T.);
#93=FACE_OUTER_BOUND('',#191,.T.);
#94=FACE_OUTER_BOUND('',#192,.T.);
#95=FACE_OUTER_BOUND('',#193,.T.);
#96=FACE_OUTER_BOUND('',#194,.T.);
#97=FACE_OUTER_BOUND('',#195,.T.);
#98=FACE_OUTER_BOUND('',#196,.T.);
#99=FACE_OUTER_BOUND('',#197,.T.);
#100=FACE_OUTER_BOUND('',#198,.T.);
#101=FACE_OUTER_BOUND('',#199,.T.);
#102=FACE_OUTER_BOUND('',#200,.T.);
#103=FACE_OUTER_BOUND('',#201,.T.);
#104=FACE_OUTER_BOUND('',#202,.T.);
#105=FACE_OUTER_BOUND('',#203,.T.);
#106=FACE_OUTER_BOUND('',#204,.T.);
#107=FACE_OUTER_BOUND('',#205,.T.);
#108=FACE_OUTER_BOUND('',#206,.T.);
#109=FACE_OUTER_BOUND('',#207,.T.);
#110=FACE_OUTER_BOUND('',#208,.T.);
#111=FACE_OUTER_BOUND('',#209,.T.);
#112=FACE_OUTER_BOUND('',#210,.T.);
#113=FACE_OUTER_BOUND('',#211,.T.);
#114=FACE_OUTER_BOUND('',#212,.T.);
#115=FACE_OUTER_BOUND('',#213,.T.);
#116=FACE_OUTER_BOUND('',#214,.T.);
#117=FACE_OUTER_BOUND('',#215,.T.);
#118=FACE_OUTER_BOUND('',#216,.T.);
#119=FACE_OUTER_BOUND('',#217,.T.);
#120=FACE_OUTER_BOUND('',#218,.T.);
#121=FACE_OUTER_BOUND('',#219,.T.);
#122=FACE_OUTER_BOUND('',#220,.T.);
#123=FACE_OUTER_BOUND('',#221,.T.);
#124=FACE_OUTER_BOUND('',#222,.T.);
#125=FACE_OUTER_BOUND('',#223,.T.);
#126=FACE_OUTER_BOUND('',#224,.T.);
#127=FACE_OUTER_BOUND('',#225,.T.);
#128=FACE_OUTER_BOUND('',#226,.T.);
#129=FACE_OUTER_BOUND('',#230,.T.);
#130=FACE_OUTER_BOUND('',#231,.T.);
#131=FACE_OUTER_BOUND('',#245,.T.);
#132=FACE_OUTER_BOUND('',#247,.T.);
#133=EDGE_LOOP('',(#1135,#1136,#1137,#1138));
#134=EDGE_LOOP('',(#1139,#1140,#1141,#1142));
#135=EDGE_LOOP('',(#1143,#1144,#1145,#1146));
#136=EDGE_LOOP('',(#1147,#1148,#1149,#1150,#1151,#1152,#1153,#1154,#1155,
#1156,#1157,#1158));
#137=EDGE_LOOP('',(#1159,#1160,#1161,#1162));
#138=EDGE_LOOP('',(#1163));
#139=EDGE_LOOP('',(#1164,#1165,#1166,#1167));
#140=EDGE_LOOP('',(#1168,#1169,#1170,#1171));
#141=EDGE_LOOP('',(#1172,#1173,#1174,#1175));
#142=EDGE_LOOP('',(#1176,#1177,#1178,#1179,#1180,#1181,#1182,#1183,#1184,
#1185,#1186,#1187,#1188,#1189,#1190,#1191));
#143=EDGE_LOOP('',(#1192,#1193,#1194,#1195));
#144=EDGE_LOOP('',(#1196,#1197,#1198,#1199));
#145=EDGE_LOOP('',(#1200,#1201,#1202,#1203));
#146=EDGE_LOOP('',(#1204,#1205,#1206,#1207,#1208,#1209,#1210,#1211));
#147=EDGE_LOOP('',(#1212,#1213,#1214,#1215));
#148=EDGE_LOOP('',(#1216,#1217,#1218,#1219));
#149=EDGE_LOOP('',(#1220,#1221,#1222,#1223));
#150=EDGE_LOOP('',(#1224,#1225,#1226,#1227,#1228,#1229,#1230,#1231));
#151=EDGE_LOOP('',(#1232,#1233,#1234,#1235));
#152=EDGE_LOOP('',(#1236,#1237,#1238,#1239));
#153=EDGE_LOOP('',(#1240,#1241,#1242,#1243));
#154=EDGE_LOOP('',(#1244,#1245,#1246,#1247,#1248,#1249,#1250,#1251));
#155=EDGE_LOOP('',(#1252,#1253,#1254,#1255));
#156=EDGE_LOOP('',(#1256,#1257,#1258,#1259));
#157=EDGE_LOOP('',(#1260,#1261,#1262,#1263));
#158=EDGE_LOOP('',(#1264,#1265,#1266,#1267));
#159=EDGE_LOOP('',(#1268,#1269,#1270,#1271));
#160=EDGE_LOOP('',(#1272,#1273,#1274,#1275));
#161=EDGE_LOOP('',(#1276,#1277,#1278,#1279));
#162=EDGE_LOOP('',(#1280,#1281,#1282,#1283));
#163=EDGE_LOOP('',(#1284,#1285,#1286,#1287));
#164=EDGE_LOOP('',(#1288,#1289,#1290,#1291));
#165=EDGE_LOOP('',(#1292,#1293,#1294,#1295));
#166=EDGE_LOOP('',(#1296,#1297,#1298,#1299));
#167=EDGE_LOOP('',(#1300,#1301,#1302,#1303));
#168=EDGE_LOOP('',(#1304,#1305,#1306,#1307));
#169=EDGE_LOOP('',(#1308,#1309,#1310,#1311));
#170=EDGE_LOOP('',(#1312,#1313,#1314,#1315));
#171=EDGE_LOOP('',(#1316,#1317,#1318,#1319));
#172=EDGE_LOOP('',(#1320,#1321,#1322,#1323));
#173=EDGE_LOOP('',(#1324,#1325,#1326,#1327));
#174=EDGE_LOOP('',(#1328,#1329,#1330,#1331));
#175=EDGE_LOOP('',(#1332,#1333,#1334,#1335));
#176=EDGE_LOOP('',(#1336,#1337,#1338,#1339));
#177=EDGE_LOOP('',(#1340,#1341,#1342,#1343));
#178=EDGE_LOOP('',(#1344,#1345,#1346,#1347));
#179=EDGE_LOOP('',(#1348,#1349,#1350,#1351));
#180=EDGE_LOOP('',(#1352,#1353,#1354,#1355));
#181=EDGE_LOOP('',(#1356,#1357,#1358,#1359));
#182=EDGE_LOOP('',(#1360,#1361,#1362,#1363));
#183=EDGE_LOOP('',(#1364,#1365,#1366,#1367));
#184=EDGE_LOOP('',(#1368,#1369,#1370,#1371));
#185=EDGE_LOOP('',(#1372,#1373,#1374,#1375));
#186=EDGE_LOOP('',(#1376,#1377,#1378,#1379));
#187=EDGE_LOOP('',(#1380,#1381,#1382,#1383));
#188=EDGE_LOOP('',(#1384,#1385,#1386,#1387));
#189=EDGE_LOOP('',(#1388,#1389,#1390,#1391));
#190=EDGE_LOOP('',(#1392,#1393,#1394,#1395));
#191=EDGE_LOOP('',(#1396,#1397,#1398,#1399));
#192=EDGE_LOOP('',(#1400,#1401,#1402,#1403));
#193=EDGE_LOOP('',(#1404,#1405,#1406,#1407));
#194=EDGE_LOOP('',(#1408,#1409,#1410,#1411));
#195=EDGE_LOOP('',(#1412,#1413,#1414,#1415));
#196=EDGE_LOOP('',(#1416,#1417,#1418,#1419));
#197=EDGE_LOOP('',(#1420,#1421,#1422,#1423));
#198=EDGE_LOOP('',(#1424,#1425,#1426,#1427));
#199=EDGE_LOOP('',(#1428,#1429,#1430,#1431));
#200=EDGE_LOOP('',(#1432,#1433,#1434,#1435));
#201=EDGE_LOOP('',(#1436,#1437,#1438,#1439));
#202=EDGE_LOOP('',(#1440,#1441,#1442,#1443));
#203=EDGE_LOOP('',(#1444,#1445,#1446,#1447));
#204=EDGE_LOOP('',(#1448,#1449,#1450,#1451));
#205=EDGE_LOOP('',(#1452,#1453,#1454,#1455));
#206=EDGE_LOOP('',(#1456,#1457,#1458,#1459));
#207=EDGE_LOOP('',(#1460,#1461,#1462,#1463));
#208=EDGE_LOOP('',(#1464,#1465,#1466,#1467));
#209=EDGE_LOOP('',(#1468,#1469,#1470,#1471));
#210=EDGE_LOOP('',(#1472,#1473,#1474,#1475));
#211=EDGE_LOOP('',(#1476,#1477,#1478,#1479));
#212=EDGE_LOOP('',(#1480,#1481,#1482,#1483));
#213=EDGE_LOOP('',(#1484,#1485,#1486,#1487));
#214=EDGE_LOOP('',(#1488,#1489,#1490,#1491));
#215=EDGE_LOOP('',(#1492,#1493,#1494,#1495));
#216=EDGE_LOOP('',(#1496,#1497,#1498,#1499));
#217=EDGE_LOOP('',(#1500,#1501,#1502,#1503));
#218=EDGE_LOOP('',(#1504,#1505,#1506,#1507));
#219=EDGE_LOOP('',(#1508,#1509,#1510,#1511));
#220=EDGE_LOOP('',(#1512,#1513,#1514,#1515));
#221=EDGE_LOOP('',(#1516,#1517,#1518,#1519));
#222=EDGE_LOOP('',(#1520,#1521,#1522,#1523));
#223=EDGE_LOOP('',(#1524,#1525,#1526,#1527));
#224=EDGE_LOOP('',(#1528,#1529,#1530,#1531));
#225=EDGE_LOOP('',(#1532,#1533,#1534,#1535));
#226=EDGE_LOOP('',(#1536,#1537,#1538,#1539));
#227=EDGE_LOOP('',(#1540,#1541,#1542,#1543));
#228=EDGE_LOOP('',(#1544,#1545,#1546,#1547));
#229=EDGE_LOOP('',(#1548));
#230=EDGE_LOOP('',(#1549,#1550,#1551,#1552));
#231=EDGE_LOOP('',(#1553,#1554,#1555,#1556));
#232=EDGE_LOOP('',(#1557,#1558,#1559,#1560));
#233=EDGE_LOOP('',(#1561,#1562,#1563,#1564));
#234=EDGE_LOOP('',(#1565,#1566,#1567,#1568));
#235=EDGE_LOOP('',(#1569,#1570,#1571,#1572));
#236=EDGE_LOOP('',(#1573,#1574,#1575,#1576));
#237=EDGE_LOOP('',(#1577,#1578,#1579,#1580));
#238=EDGE_LOOP('',(#1581,#1582,#1583,#1584));
#239=EDGE_LOOP('',(#1585,#1586,#1587,#1588));
#240=EDGE_LOOP('',(#1589,#1590,#1591,#1592));
#241=EDGE_LOOP('',(#1593,#1594,#1595,#1596));
#242=EDGE_LOOP('',(#1597,#1598,#1599,#1600));
#243=EDGE_LOOP('',(#1601,#1602,#1603,#1604));
#244=EDGE_LOOP('',(#1605,#1606,#1607,#1608));
#245=EDGE_LOOP('',(#1609,#1610,#1611,#1612));
#246=EDGE_LOOP('',(#1613,#1614,#1615,#1616));
#247=EDGE_LOOP('',(#1617,#1618,#1619,#1620));
#248=LINE('',#2302,#489);
#249=LINE('',#2304,#490);
#250=LINE('',#2306,#491);
#251=LINE('',#2307,#492);
#252=LINE('',#2310,#493);
#253=LINE('',#2312,#494);
#254=LINE('',#2313,#495);
#255=LINE('',#2316,#496);
#256=LINE('',#2318,#497);
#257=LINE('',#2319,#498);
#258=LINE('',#2322,#499);
#259=LINE('',#2324,#500);
#260=LINE('',#2326,#501);
#261=LINE('',#2328,#502);
#262=LINE('',#2330,#503);
#263=LINE('',#2332,#504);
#264=LINE('',#2334,#505);
#265=LINE('',#2336,#506);
#266=LINE('',#2337,#507);
#267=LINE('',#2340,#508);
#268=LINE('',#2342,#509);
#269=LINE('',#2344,#510);
#270=LINE('',#2345,#511);
#271=LINE('',#2351,#512);
#272=LINE('',#2353,#513);
#273=LINE('',#2355,#514);
#274=LINE('',#2356,#515);
#275=LINE('',#2359,#516);
#276=LINE('',#2361,#517);
#277=LINE('',#2362,#518);
#278=LINE('',#2365,#519);
#279=LINE('',#2366,#520);
#280=LINE('',#2369,#521);
#281=LINE('',#2371,#522);
#282=LINE('',#2372,#523);
#283=LINE('',#2374,#524);
#284=LINE('',#2376,#525);
#285=LINE('',#2378,#526);
#286=LINE('',#2380,#527);
#287=LINE('',#2382,#528);
#288=LINE('',#2383,#529);
#289=LINE('',#2384,#530);
#290=LINE('',#2387,#531);
#291=LINE('',#2389,#532);
#292=LINE('',#2390,#533);
#293=LINE('',#2393,#534);
#294=LINE('',#2394,#535);
#295=LINE('',#2397,#536);
#296=LINE('',#2398,#537);
#297=LINE('',#2401,#538);
#298=LINE('',#2402,#539);
#299=LINE('',#2404,#540);
#300=LINE('',#2405,#541);
#301=LINE('',#2408,#542);
#302=LINE('',#2409,#543);
#303=LINE('',#2412,#544);
#304=LINE('',#2413,#545);
#305=LINE('',#2415,#546);
#306=LINE('',#2418,#547);
#307=LINE('',#2419,#548);
#308=LINE('',#2422,#549);
#309=LINE('',#2423,#550);
#310=LINE('',#2425,#551);
#311=LINE('',#2428,#552);
#312=LINE('',#2431,#553);
#313=LINE('',#2433,#554);
#314=LINE('',#2435,#555);
#315=LINE('',#2436,#556);
#316=LINE('',#2439,#557);
#317=LINE('',#2441,#558);
#318=LINE('',#2443,#559);
#319=LINE('',#2444,#560);
#320=LINE('',#2447,#561);
#321=LINE('',#2449,#562);
#322=LINE('',#2451,#563);
#323=LINE('',#2452,#564);
#324=LINE('',#2455,#565);
#325=LINE('',#2457,#566);
#326=LINE('',#2459,#567);
#327=LINE('',#2460,#568);
#328=LINE('',#2463,#569);
#329=LINE('',#2465,#570);
#330=LINE('',#2467,#571);
#331=LINE('',#2468,#572);
#332=LINE('',#2471,#573);
#333=LINE('',#2473,#574);
#334=LINE('',#2475,#575);
#335=LINE('',#2476,#576);
#336=LINE('',#2479,#577);
#337=LINE('',#2481,#578);
#338=LINE('',#2483,#579);
#339=LINE('',#2484,#580);
#340=LINE('',#2487,#581);
#341=LINE('',#2489,#582);
#342=LINE('',#2491,#583);
#343=LINE('',#2492,#584);
#344=LINE('',#2495,#585);
#345=LINE('',#2497,#586);
#346=LINE('',#2499,#587);
#347=LINE('',#2500,#588);
#348=LINE('',#2503,#589);
#349=LINE('',#2505,#590);
#350=LINE('',#2507,#591);
#351=LINE('',#2508,#592);
#352=LINE('',#2511,#593);
#353=LINE('',#2513,#594);
#354=LINE('',#2515,#595);
#355=LINE('',#2516,#596);
#356=LINE('',#2519,#597);
#357=LINE('',#2521,#598);
#358=LINE('',#2523,#599);
#359=LINE('',#2524,#600);
#360=LINE('',#2527,#601);
#361=LINE('',#2529,#602);
#362=LINE('',#2531,#603);
#363=LINE('',#2532,#604);
#364=LINE('',#2535,#605);
#365=LINE('',#2537,#606);
#366=LINE('',#2538,#607);
#367=LINE('',#2541,#608);
#368=LINE('',#2542,#609);
#369=LINE('',#2545,#610);
#370=LINE('',#2546,#611);
#371=LINE('',#2548,#612);
#372=LINE('',#2552,#613);
#373=LINE('',#2556,#614);
#374=LINE('',#2557,#615);
#375=LINE('',#2558,#616);
#376=LINE('',#2561,#617);
#377=LINE('',#2562,#618);
#378=LINE('',#2565,#619);
#379=LINE('',#2566,#620);
#380=LINE('',#2568,#621);
#381=LINE('',#2572,#622);
#382=LINE('',#2573,#623);
#383=LINE('',#2574,#624);
#384=LINE('',#2577,#625);
#385=LINE('',#2578,#626);
#386=LINE('',#2581,#627);
#387=LINE('',#2582,#628);
#388=LINE('',#2584,#629);
#389=LINE('',#2588,#630);
#390=LINE('',#2589,#631);
#391=LINE('',#2590,#632);
#392=LINE('',#2593,#633);
#393=LINE('',#2594,#634);
#394=LINE('',#2597,#635);
#395=LINE('',#2598,#636);
#396=LINE('',#2600,#637);
#397=LINE('',#2604,#638);
#398=LINE('',#2605,#639);
#399=LINE('',#2606,#640);
#400=LINE('',#2609,#641);
#401=LINE('',#2610,#642);
#402=LINE('',#2613,#643);
#403=LINE('',#2614,#644);
#404=LINE('',#2616,#645);
#405=LINE('',#2620,#646);
#406=LINE('',#2621,#647);
#407=LINE('',#2622,#648);
#408=LINE('',#2625,#649);
#409=LINE('',#2626,#650);
#410=LINE('',#2629,#651);
#411=LINE('',#2630,#652);
#412=LINE('',#2632,#653);
#413=LINE('',#2636,#654);
#414=LINE('',#2637,#655);
#415=LINE('',#2638,#656);
#416=LINE('',#2641,#657);
#417=LINE('',#2642,#658);
#418=LINE('',#2645,#659);
#419=LINE('',#2646,#660);
#420=LINE('',#2648,#661);
#421=LINE('',#2652,#662);
#422=LINE('',#2653,#663);
#423=LINE('',#2654,#664);
#424=LINE('',#2657,#665);
#425=LINE('',#2658,#666);
#426=LINE('',#2661,#667);
#427=LINE('',#2662,#668);
#428=LINE('',#2664,#669);
#429=LINE('',#2668,#670);
#430=LINE('',#2669,#671);
#431=LINE('',#2670,#672);
#432=LINE('',#2673,#673);
#433=LINE('',#2674,#674);
#434=LINE('',#2677,#675);
#435=LINE('',#2678,#676);
#436=LINE('',#2680,#677);
#437=LINE('',#2684,#678);
#438=LINE('',#2685,#679);
#439=LINE('',#2686,#680);
#440=LINE('',#2689,#681);
#441=LINE('',#2690,#682);
#442=LINE('',#2693,#683);
#443=LINE('',#2694,#684);
#444=LINE('',#2696,#685);
#445=LINE('',#2700,#686);
#446=LINE('',#2701,#687);
#447=LINE('',#2702,#688);
#448=LINE('',#2705,#689);
#449=LINE('',#2706,#690);
#450=LINE('',#2709,#691);
#451=LINE('',#2710,#692);
#452=LINE('',#2712,#693);
#453=LINE('',#2716,#694);
#454=LINE('',#2717,#695);
#455=LINE('',#2718,#696);
#456=LINE('',#2721,#697);
#457=LINE('',#2722,#698);
#458=LINE('',#2725,#699);
#459=LINE('',#2726,#700);
#460=LINE('',#2728,#701);
#461=LINE('',#2732,#702);
#462=LINE('',#2733,#703);
#463=LINE('',#2734,#704);
#464=LINE('',#2737,#705);
#465=LINE('',#2738,#706);
#466=LINE('',#2741,#707);
#467=LINE('',#2742,#708);
#468=LINE('',#2744,#709);
#469=LINE('',#2748,#710);
#470=LINE('',#2749,#711);
#471=LINE('',#2750,#712);
#472=LINE('',#2753,#713);
#473=LINE('',#2754,#714);
#474=LINE('',#2757,#715);
#475=LINE('',#2758,#716);
#476=LINE('',#2760,#717);
#477=LINE('',#2764,#718);
#478=LINE('',#2766,#719);
#479=LINE('',#2768,#720);
#480=LINE('',#2769,#721);
#481=LINE('',#2772,#722);
#482=LINE('',#2774,#723);
#483=LINE('',#2775,#724);
#484=LINE('',#2778,#725);
#485=LINE('',#2780,#726);
#486=LINE('',#2781,#727);
#487=LINE('',#2783,#728);
#488=LINE('',#2784,#729);
#489=VECTOR('',#1889,10.);
#490=VECTOR('',#1890,10.);
#491=VECTOR('',#1891,10.);
#492=VECTOR('',#1892,10.);
#493=VECTOR('',#1895,10.);
#494=VECTOR('',#1896,10.);
#495=VECTOR('',#1897,10.);
#496=VECTOR('',#1900,10.);
#497=VECTOR('',#1901,10.);
#498=VECTOR('',#1902,10.);
#499=VECTOR('',#1905,10.);
#500=VECTOR('',#1906,10.);
#501=VECTOR('',#1907,10.);
#502=VECTOR('',#1908,10.);
#503=VECTOR('',#1909,10.);
#504=VECTOR('',#1910,10.);
#505=VECTOR('',#1911,10.);
#506=VECTOR('',#1912,10.);
#507=VECTOR('',#1913,10.);
#508=VECTOR('',#1914,10.);
#509=VECTOR('',#1915,10.);
#510=VECTOR('',#1916,10.);
#511=VECTOR('',#1917,10.);
#512=VECTOR('',#1922,10.);
#513=VECTOR('',#1923,10.);
#514=VECTOR('',#1924,10.);
#515=VECTOR('',#1925,10.);
#516=VECTOR('',#1928,10.);
#517=VECTOR('',#1929,10.);
#518=VECTOR('',#1930,10.);
#519=VECTOR('',#1933,10.);
#520=VECTOR('',#1934,10.);
#521=VECTOR('',#1937,10.);
#522=VECTOR('',#1938,10.);
#523=VECTOR('',#1939,10.);
#524=VECTOR('',#1940,10.);
#525=VECTOR('',#1941,10.);
#526=VECTOR('',#1942,10.);
#527=VECTOR('',#1943,10.);
#528=VECTOR('',#1944,10.);
#529=VECTOR('',#1945,10.);
#530=VECTOR('',#1946,10.);
#531=VECTOR('',#1949,10.);
#532=VECTOR('',#1950,10.);
#533=VECTOR('',#1951,10.);
#534=VECTOR('',#1954,10.);
#535=VECTOR('',#1955,10.);
#536=VECTOR('',#1958,10.);
#537=VECTOR('',#1959,10.);
#538=VECTOR('',#1962,10.);
#539=VECTOR('',#1963,10.);
#540=VECTOR('',#1964,10.);
#541=VECTOR('',#1965,10.);
#542=VECTOR('',#1968,10.);
#543=VECTOR('',#1969,10.);
#544=VECTOR('',#1972,10.);
#545=VECTOR('',#1973,10.);
#546=VECTOR('',#1976,10.);
#547=VECTOR('',#1979,10.);
#548=VECTOR('',#1980,10.);
#549=VECTOR('',#1983,10.);
#550=VECTOR('',#1984,10.);
#551=VECTOR('',#1987,10.);
#552=VECTOR('',#1992,10.);
#553=VECTOR('',#1993,10.);
#554=VECTOR('',#1994,10.);
#555=VECTOR('',#1995,10.);
#556=VECTOR('',#1996,10.);
#557=VECTOR('',#1997,10.);
#558=VECTOR('',#1998,10.);
#559=VECTOR('',#1999,10.);
#560=VECTOR('',#2000,10.);
#561=VECTOR('',#2001,10.);
#562=VECTOR('',#2002,10.);
#563=VECTOR('',#2003,10.);
#564=VECTOR('',#2004,10.);
#565=VECTOR('',#2005,10.);
#566=VECTOR('',#2006,10.);
#567=VECTOR('',#2007,10.);
#568=VECTOR('',#2008,10.);
#569=VECTOR('',#2009,10.);
#570=VECTOR('',#2010,10.);
#571=VECTOR('',#2011,10.);
#572=VECTOR('',#2012,10.);
#573=VECTOR('',#2013,10.);
#574=VECTOR('',#2014,10.);
#575=VECTOR('',#2015,10.);
#576=VECTOR('',#2016,10.);
#577=VECTOR('',#2017,10.);
#578=VECTOR('',#2018,10.);
#579=VECTOR('',#2019,10.);
#580=VECTOR('',#2020,10.);
#581=VECTOR('',#2021,10.);
#582=VECTOR('',#2022,10.);
#583=VECTOR('',#2023,10.);
#584=VECTOR('',#2024,10.);
#585=VECTOR('',#2025,10.);
#586=VECTOR('',#2026,10.);
#587=VECTOR('',#2027,10.);
#588=VECTOR('',#2028,10.);
#589=VECTOR('',#2029,10.);
#590=VECTOR('',#2030,10.);
#591=VECTOR('',#2031,10.);
#592=VECTOR('',#2032,10.);
#593=VECTOR('',#2033,10.);
#594=VECTOR('',#2034,10.);
#595=VECTOR('',#2035,10.);
#596=VECTOR('',#2036,10.);
#597=VECTOR('',#2037,10.);
#598=VECTOR('',#2038,10.);
#599=VECTOR('',#2039,10.);
#600=VECTOR('',#2040,10.);
#601=VECTOR('',#2041,10.);
#602=VECTOR('',#2042,10.);
#603=VECTOR('',#2043,10.);
#604=VECTOR('',#2044,10.);
#605=VECTOR('',#2047,10.);
#606=VECTOR('',#2048,10.);
#607=VECTOR('',#2049,10.);
#608=VECTOR('',#2052,10.);
#609=VECTOR('',#2053,10.);
#610=VECTOR('',#2056,10.);
#611=VECTOR('',#2057,10.);
#612=VECTOR('',#2060,10.);
#613=VECTOR('',#2065,2.74999999999999);
#614=VECTOR('',#2068,10.);
#615=VECTOR('',#2069,10.);
#616=VECTOR('',#2070,10.);
#617=VECTOR('',#2073,10.);
#618=VECTOR('',#2074,10.);
#619=VECTOR('',#2077,10.);
#620=VECTOR('',#2078,10.);
#621=VECTOR('',#2081,10.);
#622=VECTOR('',#2084,10.);
#623=VECTOR('',#2085,10.);
#624=VECTOR('',#2086,10.);
#625=VECTOR('',#2089,10.);
#626=VECTOR('',#2090,10.);
#627=VECTOR('',#2093,10.);
#628=VECTOR('',#2094,10.);
#629=VECTOR('',#2097,10.);
#630=VECTOR('',#2100,10.);
#631=VECTOR('',#2101,10.);
#632=VECTOR('',#2102,10.);
#633=VECTOR('',#2105,10.);
#634=VECTOR('',#2106,10.);
#635=VECTOR('',#2109,10.);
#636=VECTOR('',#2110,10.);
#637=VECTOR('',#2113,10.);
#638=VECTOR('',#2116,10.);
#639=VECTOR('',#2117,10.);
#640=VECTOR('',#2118,10.);
#641=VECTOR('',#2121,10.);
#642=VECTOR('',#2122,10.);
#643=VECTOR('',#2125,10.);
#644=VECTOR('',#2126,10.);
#645=VECTOR('',#2129,10.);
#646=VECTOR('',#2132,10.);
#647=VECTOR('',#2133,10.);
#648=VECTOR('',#2134,10.);
#649=VECTOR('',#2137,10.);
#650=VECTOR('',#2138,10.);
#651=VECTOR('',#2141,10.);
#652=VECTOR('',#2142,10.);
#653=VECTOR('',#2145,10.);
#654=VECTOR('',#2148,10.);
#655=VECTOR('',#2149,10.);
#656=VECTOR('',#2150,10.);
#657=VECTOR('',#2153,10.);
#658=VECTOR('',#2154,10.);
#659=VECTOR('',#2157,10.);
#660=VECTOR('',#2158,10.);
#661=VECTOR('',#2161,10.);
#662=VECTOR('',#2164,10.);
#663=VECTOR('',#2165,10.);
#664=VECTOR('',#2166,10.);
#665=VECTOR('',#2169,10.);
#666=VECTOR('',#2170,10.);
#667=VECTOR('',#2173,10.);
#668=VECTOR('',#2174,10.);
#669=VECTOR('',#2177,10.);
#670=VECTOR('',#2180,10.);
#671=VECTOR('',#2181,10.);
#672=VECTOR('',#2182,10.);
#673=VECTOR('',#2185,10.);
#674=VECTOR('',#2186,10.);
#675=VECTOR('',#2189,10.);
#676=VECTOR('',#2190,10.);
#677=VECTOR('',#2193,10.);
#678=VECTOR('',#2196,10.);
#679=VECTOR('',#2197,10.);
#680=VECTOR('',#2198,10.);
#681=VECTOR('',#2201,10.);
#682=VECTOR('',#2202,10.);
#683=VECTOR('',#2205,10.);
#684=VECTOR('',#2206,10.);
#685=VECTOR('',#2209,10.);
#686=VECTOR('',#2212,10.);
#687=VECTOR('',#2213,10.);
#688=VECTOR('',#2214,10.);
#689=VECTOR('',#2217,10.);
#690=VECTOR('',#2218,10.);
#691=VECTOR('',#2221,10.);
#692=VECTOR('',#2222,10.);
#693=VECTOR('',#2225,10.);
#694=VECTOR('',#2228,10.);
#695=VECTOR('',#2229,10.);
#696=VECTOR('',#2230,10.);
#697=VECTOR('',#2233,10.);
#698=VECTOR('',#2234,10.);
#699=VECTOR('',#2237,10.);
#700=VECTOR('',#2238,10.);
#701=VECTOR('',#2241,10.);
#702=VECTOR('',#2244,10.);
#703=VECTOR('',#2245,10.);
#704=VECTOR('',#2246,10.);
#705=VECTOR('',#2249,10.);
#706=VECTOR('',#2250,10.);
#707=VECTOR('',#2253,10.);
#708=VECTOR('',#2254,10.);
#709=VECTOR('',#2257,10.);
#710=VECTOR('',#2260,10.);
#711=VECTOR('',#2261,10.);
#712=VECTOR('',#2262,10.);
#713=VECTOR('',#2265,10.);
#714=VECTOR('',#2266,10.);
#715=VECTOR('',#2269,10.);
#716=VECTOR('',#2270,10.);
#717=VECTOR('',#2273,10.);
#718=VECTOR('',#2276,10.);
#719=VECTOR('',#2277,10.);
#720=VECTOR('',#2278,10.);
#721=VECTOR('',#2279,10.);
#722=VECTOR('',#2282,10.);
#723=VECTOR('',#2283,10.);
#724=VECTOR('',#2284,10.);
#725=VECTOR('',#2287,10.);
#726=VECTOR('',#2288,10.);
#727=VECTOR('',#2289,10.);
#728=VECTOR('',#2292,10.);
#729=VECTOR('',#2293,10.);
#730=VERTEX_POINT('',#2300);
#731=VERTEX_POINT('',#2301);
#732=VERTEX_POINT('',#2303);
#733=VERTEX_POINT('',#2305);
#734=VERTEX_POINT('',#2309);
#735=VERTEX_POINT('',#2311);
#736=VERTEX_POINT('',#2315);
#737=VERTEX_POINT('',#2317);
#738=VERTEX_POINT('',#2321);
#739=VERTEX_POINT('',#2323);
#740=VERTEX_POINT('',#2325);
#741=VERTEX_POINT('',#2327);
#742=VERTEX_POINT('',#2329);
#743=VERTEX_POINT('',#2331);
#744=VERTEX_POINT('',#2333);
#745=VERTEX_POINT('',#2335);
#746=VERTEX_POINT('',#2338);
#747=VERTEX_POINT('',#2339);
#748=VERTEX_POINT('',#2341);
#749=VERTEX_POINT('',#2343);
#750=VERTEX_POINT('',#2346);
#751=VERTEX_POINT('',#2349);
#752=VERTEX_POINT('',#2350);
#753=VERTEX_POINT('',#2352);
#754=VERTEX_POINT('',#2354);
#755=VERTEX_POINT('',#2358);
#756=VERTEX_POINT('',#2360);
#757=VERTEX_POINT('',#2364);
#758=VERTEX_POINT('',#2368);
#759=VERTEX_POINT('',#2370);
#760=VERTEX_POINT('',#2373);
#761=VERTEX_POINT('',#2375);
#762=VERTEX_POINT('',#2377);
#763=VERTEX_POINT('',#2379);
#764=VERTEX_POINT('',#2381);
#765=VERTEX_POINT('',#2386);
#766=VERTEX_POINT('',#2388);
#767=VERTEX_POINT('',#2392);
#768=VERTEX_POINT('',#2396);
#769=VERTEX_POINT('',#2400);
#770=VERTEX_POINT('',#2403);
#771=VERTEX_POINT('',#2407);
#772=VERTEX_POINT('',#2411);
#773=VERTEX_POINT('',#2417);
#774=VERTEX_POINT('',#2421);
#775=VERTEX_POINT('',#2429);
#776=VERTEX_POINT('',#2430);
#777=VERTEX_POINT('',#2432);
#778=VERTEX_POINT('',#2434);
#779=VERTEX_POINT('',#2437);
#780=VERTEX_POINT('',#2438);
#781=VERTEX_POINT('',#2440);
#782=VERTEX_POINT('',#2442);
#783=VERTEX_POINT('',#2445);
#784=VERTEX_POINT('',#2446);
#785=VERTEX_POINT('',#2448);
#786=VERTEX_POINT('',#2450);
#787=VERTEX_POINT('',#2453);
#788=VERTEX_POINT('',#2454);
#789=VERTEX_POINT('',#2456);
#790=VERTEX_POINT('',#2458);
#791=VERTEX_POINT('',#2461);
#792=VERTEX_POINT('',#2462);
#793=VERTEX_POINT('',#2464);
#794=VERTEX_POINT('',#2466);
#795=VERTEX_POINT('',#2469);
#796=VERTEX_POINT('',#2470);
#797=VERTEX_POINT('',#2472);
#798=VERTEX_POINT('',#2474);
#799=VERTEX_POINT('',#2477);
#800=VERTEX_POINT('',#2478);
#801=VERTEX_POINT('',#2480);
#802=VERTEX_POINT('',#2482);
#803=VERTEX_POINT('',#2485);
#804=VERTEX_POINT('',#2486);
#805=VERTEX_POINT('',#2488);
#806=VERTEX_POINT('',#2490);
#807=VERTEX_POINT('',#2493);
#808=VERTEX_POINT('',#2494);
#809=VERTEX_POINT('',#2496);
#810=VERTEX_POINT('',#2498);
#811=VERTEX_POINT('',#2501);
#812=VERTEX_POINT('',#2502);
#813=VERTEX_POINT('',#2504);
#814=VERTEX_POINT('',#2506);
#815=VERTEX_POINT('',#2509);
#816=VERTEX_POINT('',#2510);
#817=VERTEX_POINT('',#2512);
#818=VERTEX_POINT('',#2514);
#819=VERTEX_POINT('',#2517);
#820=VERTEX_POINT('',#2518);
#821=VERTEX_POINT('',#2520);
#822=VERTEX_POINT('',#2522);
#823=VERTEX_POINT('',#2525);
#824=VERTEX_POINT('',#2526);
#825=VERTEX_POINT('',#2528);
#826=VERTEX_POINT('',#2530);
#827=VERTEX_POINT('',#2534);
#828=VERTEX_POINT('',#2536);
#829=VERTEX_POINT('',#2540);
#830=VERTEX_POINT('',#2544);
#831=VERTEX_POINT('',#2550);
#832=VERTEX_POINT('',#2554);
#833=VERTEX_POINT('',#2555);
#834=VERTEX_POINT('',#2560);
#835=VERTEX_POINT('',#2564);
#836=VERTEX_POINT('',#2570);
#837=VERTEX_POINT('',#2571);
#838=VERTEX_POINT('',#2576);
#839=VERTEX_POINT('',#2580);
#840=VERTEX_POINT('',#2586);
#841=VERTEX_POINT('',#2587);
#842=VERTEX_POINT('',#2592);
#843=VERTEX_POINT('',#2596);
#844=VERTEX_POINT('',#2602);
#845=VERTEX_POINT('',#2603);
#846=VERTEX_POINT('',#2608);
#847=VERTEX_POINT('',#2612);
#848=VERTEX_POINT('',#2618);
#849=VERTEX_POINT('',#2619);
#850=VERTEX_POINT('',#2624);
#851=VERTEX_POINT('',#2628);
#852=VERTEX_POINT('',#2634);
#853=VERTEX_POINT('',#2635);
#854=VERTEX_POINT('',#2640);
#855=VERTEX_POINT('',#2644);
#856=VERTEX_POINT('',#2650);
#857=VERTEX_POINT('',#2651);
#858=VERTEX_POINT('',#2656);
#859=VERTEX_POINT('',#2660);
#860=VERTEX_POINT('',#2666);
#861=VERTEX_POINT('',#2667);
#862=VERTEX_POINT('',#2672);
#863=VERTEX_POINT('',#2676);
#864=VERTEX_POINT('',#2682);
#865=VERTEX_POINT('',#2683);
#866=VERTEX_POINT('',#2688);
#867=VERTEX_POINT('',#2692);
#868=VERTEX_POINT('',#2698);
#869=VERTEX_POINT('',#2699);
#870=VERTEX_POINT('',#2704);
#871=VERTEX_POINT('',#2708);
#872=VERTEX_POINT('',#2714);
#873=VERTEX_POINT('',#2715);
#874=VERTEX_POINT('',#2720);
#875=VERTEX_POINT('',#2724);
#876=VERTEX_POINT('',#2730);
#877=VERTEX_POINT('',#2731);
#878=VERTEX_POINT('',#2736);
#879=VERTEX_POINT('',#2740);
#880=VERTEX_POINT('',#2746);
#881=VERTEX_POINT('',#2747);
#882=VERTEX_POINT('',#2752);
#883=VERTEX_POINT('',#2756);
#884=VERTEX_POINT('',#2762);
#885=VERTEX_POINT('',#2763);
#886=VERTEX_POINT('',#2765);
#887=VERTEX_POINT('',#2767);
#888=VERTEX_POINT('',#2771);
#889=VERTEX_POINT('',#2773);
#890=VERTEX_POINT('',#2777);
#891=VERTEX_POINT('',#2779);
#892=EDGE_CURVE('',#730,#731,#248,.T.);
#893=EDGE_CURVE('',#732,#730,#249,.T.);
#894=EDGE_CURVE('',#733,#732,#250,.T.);
#895=EDGE_CURVE('',#733,#731,#251,.T.);
#896=EDGE_CURVE('',#731,#734,#252,.T.);
#897=EDGE_CURVE('',#735,#733,#253,.T.);
#898=EDGE_CURVE('',#735,#734,#254,.T.);
#899=EDGE_CURVE('',#736,#730,#255,.T.);
#900=EDGE_CURVE('',#737,#736,#256,.T.);
#901=EDGE_CURVE('',#732,#737,#257,.T.);
#902=EDGE_CURVE('',#738,#734,#258,.F.);
#903=EDGE_CURVE('',#738,#739,#259,.T.);
#904=EDGE_CURVE('',#739,#740,#260,.T.);
#905=EDGE_CURVE('',#741,#740,#261,.T.);
#906=EDGE_CURVE('',#742,#741,#262,.T.);
#907=EDGE_CURVE('',#742,#743,#263,.T.);
#908=EDGE_CURVE('',#743,#744,#264,.T.);
#909=EDGE_CURVE('',#744,#745,#265,.T.);
#910=EDGE_CURVE('',#736,#745,#266,.F.);
#911=EDGE_CURVE('',#746,#747,#267,.T.);
#912=EDGE_CURVE('',#747,#748,#268,.T.);
#913=EDGE_CURVE('',#748,#749,#269,.T.);
#914=EDGE_CURVE('',#749,#746,#270,.T.);
#915=EDGE_CURVE('',#750,#750,#16,.T.);
#916=EDGE_CURVE('',#751,#752,#271,.T.);
#917=EDGE_CURVE('',#753,#751,#272,.T.);
#918=EDGE_CURVE('',#754,#753,#273,.T.);
#919=EDGE_CURVE('',#752,#754,#274,.T.);
#920=EDGE_CURVE('',#752,#755,#275,.T.);
#921=EDGE_CURVE('',#756,#754,#276,.T.);
#922=EDGE_CURVE('',#755,#756,#277,.T.);
#923=EDGE_CURVE('',#757,#753,#278,.T.);
#924=EDGE_CURVE('',#756,#757,#279,.T.);
#925=EDGE_CURVE('',#745,#758,#280,.T.);
#926=EDGE_CURVE('',#758,#759,#281,.T.);
#927=EDGE_CURVE('',#759,#751,#282,.F.);
#928=EDGE_CURVE('',#755,#760,#283,.F.);
#929=EDGE_CURVE('',#760,#761,#284,.T.);
#930=EDGE_CURVE('',#761,#762,#285,.T.);
#931=EDGE_CURVE('',#762,#763,#286,.F.);
#932=EDGE_CURVE('',#763,#764,#287,.T.);
#933=EDGE_CURVE('',#764,#738,#288,.T.);
#934=EDGE_CURVE('',#737,#735,#289,.T.);
#935=EDGE_CURVE('',#765,#760,#290,.T.);
#936=EDGE_CURVE('',#766,#765,#291,.T.);
#937=EDGE_CURVE('',#761,#766,#292,.T.);
#938=EDGE_CURVE('',#767,#766,#293,.T.);
#939=EDGE_CURVE('',#762,#767,#294,.T.);
#940=EDGE_CURVE('',#768,#765,#295,.T.);
#941=EDGE_CURVE('',#767,#768,#296,.T.);
#942=EDGE_CURVE('',#768,#769,#297,.F.);
#943=EDGE_CURVE('',#741,#769,#298,.T.);
#944=EDGE_CURVE('',#740,#770,#299,.T.);
#945=EDGE_CURVE('',#770,#763,#300,.T.);
#946=EDGE_CURVE('',#771,#744,#301,.T.);
#947=EDGE_CURVE('',#758,#771,#302,.T.);
#948=EDGE_CURVE('',#772,#771,#303,.T.);
#949=EDGE_CURVE('',#759,#772,#304,.T.);
#950=EDGE_CURVE('',#772,#743,#305,.T.);
#951=EDGE_CURVE('',#773,#742,#306,.T.);
#952=EDGE_CURVE('',#773,#757,#307,.T.);
#953=EDGE_CURVE('',#774,#770,#308,.T.);
#954=EDGE_CURVE('',#764,#774,#309,.T.);
#955=EDGE_CURVE('',#739,#774,#310,.T.);
#956=EDGE_CURVE('',#769,#773,#311,.T.);
#957=EDGE_CURVE('',#775,#776,#312,.T.);
#958=EDGE_CURVE('',#776,#777,#313,.T.);
#959=EDGE_CURVE('',#777,#778,#314,.T.);
#960=EDGE_CURVE('',#778,#775,#315,.T.);
#961=EDGE_CURVE('',#779,#780,#316,.T.);
#962=EDGE_CURVE('',#780,#781,#317,.T.);
#963=EDGE_CURVE('',#781,#782,#318,.T.);
#964=EDGE_CURVE('',#782,#779,#319,.T.);
#965=EDGE_CURVE('',#783,#784,#320,.T.);
#966=EDGE_CURVE('',#784,#785,#321,.T.);
#967=EDGE_CURVE('',#785,#786,#322,.T.);
#968=EDGE_CURVE('',#786,#783,#323,.T.);
#969=EDGE_CURVE('',#787,#788,#324,.T.);
#970=EDGE_CURVE('',#788,#789,#325,.T.);
#971=EDGE_CURVE('',#789,#790,#326,.T.);
#972=EDGE_CURVE('',#790,#787,#327,.T.);
#973=EDGE_CURVE('',#791,#792,#328,.T.);
#974=EDGE_CURVE('',#792,#793,#329,.T.);
#975=EDGE_CURVE('',#793,#794,#330,.T.);
#976=EDGE_CURVE('',#794,#791,#331,.T.);
#977=EDGE_CURVE('',#795,#796,#332,.T.);
#978=EDGE_CURVE('',#796,#797,#333,.T.);
#979=EDGE_CURVE('',#797,#798,#334,.T.);
#980=EDGE_CURVE('',#798,#795,#335,.T.);
#981=EDGE_CURVE('',#799,#800,#336,.T.);
#982=EDGE_CURVE('',#800,#801,#337,.T.);
#983=EDGE_CURVE('',#801,#802,#338,.T.);
#984=EDGE_CURVE('',#802,#799,#339,.T.);
#985=EDGE_CURVE('',#803,#804,#340,.T.);
#986=EDGE_CURVE('',#804,#805,#341,.T.);
#987=EDGE_CURVE('',#805,#806,#342,.T.);
#988=EDGE_CURVE('',#806,#803,#343,.T.);
#989=EDGE_CURVE('',#807,#808,#344,.T.);
#990=EDGE_CURVE('',#808,#809,#345,.T.);
#991=EDGE_CURVE('',#809,#810,#346,.T.);
#992=EDGE_CURVE('',#810,#807,#347,.T.);
#993=EDGE_CURVE('',#811,#812,#348,.T.);
#994=EDGE_CURVE('',#812,#813,#349,.T.);
#995=EDGE_CURVE('',#813,#814,#350,.T.);
#996=EDGE_CURVE('',#814,#811,#351,.T.);
#997=EDGE_CURVE('',#815,#816,#352,.T.);
#998=EDGE_CURVE('',#816,#817,#353,.T.);
#999=EDGE_CURVE('',#817,#818,#354,.T.);
#1000=EDGE_CURVE('',#818,#815,#355,.T.);
#1001=EDGE_CURVE('',#819,#820,#356,.T.);
#1002=EDGE_CURVE('',#820,#821,#357,.T.);
#1003=EDGE_CURVE('',#821,#822,#358,.T.);
#1004=EDGE_CURVE('',#822,#819,#359,.T.);
#1005=EDGE_CURVE('',#823,#824,#360,.T.);
#1006=EDGE_CURVE('',#824,#825,#361,.T.);
#1007=EDGE_CURVE('',#825,#826,#362,.T.);
#1008=EDGE_CURVE('',#826,#823,#363,.T.);
#1009=EDGE_CURVE('',#827,#746,#364,.T.);
#1010=EDGE_CURVE('',#828,#827,#365,.T.);
#1011=EDGE_CURVE('',#828,#747,#366,.T.);
#1012=EDGE_CURVE('',#829,#828,#367,.T.);
#1013=EDGE_CURVE('',#829,#748,#368,.T.);
#1014=EDGE_CURVE('',#830,#829,#369,.T.);
#1015=EDGE_CURVE('',#830,#749,#370,.T.);
#1016=EDGE_CURVE('',#827,#830,#371,.T.);
#1017=EDGE_CURVE('',#831,#831,#17,.T.);
#1018=EDGE_CURVE('',#831,#750,#372,.T.);
#1019=EDGE_CURVE('',#832,#833,#373,.T.);
#1020=EDGE_CURVE('',#832,#810,#374,.T.);
#1021=EDGE_CURVE('',#833,#809,#375,.T.);
#1022=EDGE_CURVE('',#834,#832,#376,.T.);
#1023=EDGE_CURVE('',#834,#807,#377,.T.);
#1024=EDGE_CURVE('',#835,#834,#378,.T.);
#1025=EDGE_CURVE('',#835,#808,#379,.T.);
#1026=EDGE_CURVE('',#833,#835,#380,.T.);
#1027=EDGE_CURVE('',#836,#837,#381,.T.);
#1028=EDGE_CURVE('',#836,#802,#382,.T.);
#1029=EDGE_CURVE('',#837,#801,#383,.T.);
#1030=EDGE_CURVE('',#838,#836,#384,.T.);
#1031=EDGE_CURVE('',#838,#799,#385,.T.);
#1032=EDGE_CURVE('',#839,#838,#386,.T.);
#1033=EDGE_CURVE('',#839,#800,#387,.T.);
#1034=EDGE_CURVE('',#837,#839,#388,.T.);
#1035=EDGE_CURVE('',#840,#841,#389,.T.);
#1036=EDGE_CURVE('',#840,#794,#390,.T.);
#1037=EDGE_CURVE('',#841,#793,#391,.T.);
#1038=EDGE_CURVE('',#842,#840,#392,.T.);
#1039=EDGE_CURVE('',#842,#791,#393,.T.);
#1040=EDGE_CURVE('',#843,#842,#394,.T.);
#1041=EDGE_CURVE('',#843,#792,#395,.T.);
#1042=EDGE_CURVE('',#841,#843,#396,.T.);
#1043=EDGE_CURVE('',#844,#845,#397,.T.);
#1044=EDGE_CURVE('',#844,#786,#398,.T.);
#1045=EDGE_CURVE('',#845,#785,#399,.T.);
#1046=EDGE_CURVE('',#846,#844,#400,.T.);
#1047=EDGE_CURVE('',#846,#783,#401,.T.);
#1048=EDGE_CURVE('',#847,#846,#402,.T.);
#1049=EDGE_CURVE('',#847,#784,#403,.T.);
#1050=EDGE_CURVE('',#845,#847,#404,.T.);
#1051=EDGE_CURVE('',#848,#849,#405,.T.);
#1052=EDGE_CURVE('',#848,#778,#406,.T.);
#1053=EDGE_CURVE('',#849,#777,#407,.T.);
#1054=EDGE_CURVE('',#850,#848,#408,.T.);
#1055=EDGE_CURVE('',#850,#775,#409,.T.);
#1056=EDGE_CURVE('',#851,#850,#410,.T.);
#1057=EDGE_CURVE('',#851,#776,#411,.T.);
#1058=EDGE_CURVE('',#849,#851,#412,.T.);
#1059=EDGE_CURVE('',#852,#853,#413,.T.);
#1060=EDGE_CURVE('',#852,#780,#414,.T.);
#1061=EDGE_CURVE('',#853,#779,#415,.T.);
#1062=EDGE_CURVE('',#854,#852,#416,.T.);
#1063=EDGE_CURVE('',#854,#781,#417,.T.);
#1064=EDGE_CURVE('',#855,#854,#418,.T.);
#1065=EDGE_CURVE('',#855,#782,#419,.T.);
#1066=EDGE_CURVE('',#853,#855,#420,.T.);
#1067=EDGE_CURVE('',#856,#857,#421,.T.);
#1068=EDGE_CURVE('',#856,#788,#422,.T.);
#1069=EDGE_CURVE('',#857,#787,#423,.T.);
#1070=EDGE_CURVE('',#858,#856,#424,.T.);
#1071=EDGE_CURVE('',#858,#789,#425,.T.);
#1072=EDGE_CURVE('',#859,#858,#426,.T.);
#1073=EDGE_CURVE('',#859,#790,#427,.T.);
#1074=EDGE_CURVE('',#857,#859,#428,.T.);
#1075=EDGE_CURVE('',#860,#861,#429,.T.);
#1076=EDGE_CURVE('',#860,#796,#430,.T.);
#1077=EDGE_CURVE('',#861,#795,#431,.T.);
#1078=EDGE_CURVE('',#862,#860,#432,.T.);
#1079=EDGE_CURVE('',#862,#797,#433,.T.);
#1080=EDGE_CURVE('',#863,#862,#434,.T.);
#1081=EDGE_CURVE('',#863,#798,#435,.T.);
#1082=EDGE_CURVE('',#861,#863,#436,.T.);
#1083=EDGE_CURVE('',#864,#865,#437,.T.);
#1084=EDGE_CURVE('',#864,#804,#438,.T.);
#1085=EDGE_CURVE('',#865,#803,#439,.T.);
#1086=EDGE_CURVE('',#866,#864,#440,.T.);
#1087=EDGE_CURVE('',#866,#805,#441,.T.);
#1088=EDGE_CURVE('',#867,#866,#442,.T.);
#1089=EDGE_CURVE('',#867,#806,#443,.T.);
#1090=EDGE_CURVE('',#865,#867,#444,.T.);
#1091=EDGE_CURVE('',#868,#869,#445,.T.);
#1092=EDGE_CURVE('',#868,#812,#446,.T.);
#1093=EDGE_CURVE('',#869,#811,#447,.T.);
#1094=EDGE_CURVE('',#870,#868,#448,.T.);
#1095=EDGE_CURVE('',#870,#813,#449,.T.);
#1096=EDGE_CURVE('',#871,#870,#450,.T.);
#1097=EDGE_CURVE('',#871,#814,#451,.T.);
#1098=EDGE_CURVE('',#869,#871,#452,.T.);
#1099=EDGE_CURVE('',#872,#873,#453,.T.);
#1100=EDGE_CURVE('',#872,#816,#454,.T.);
#1101=EDGE_CURVE('',#873,#815,#455,.T.);
#1102=EDGE_CURVE('',#874,#872,#456,.T.);
#1103=EDGE_CURVE('',#874,#817,#457,.T.);
#1104=EDGE_CURVE('',#875,#874,#458,.T.);
#1105=EDGE_CURVE('',#875,#818,#459,.T.);
#1106=EDGE_CURVE('',#873,#875,#460,.T.);
#1107=EDGE_CURVE('',#876,#877,#461,.T.);
#1108=EDGE_CURVE('',#876,#824,#462,.T.);
#1109=EDGE_CURVE('',#877,#823,#463,.T.);
#1110=EDGE_CURVE('',#878,#876,#464,.T.);
#1111=EDGE_CURVE('',#878,#825,#465,.T.);
#1112=EDGE_CURVE('',#879,#878,#466,.T.);
#1113=EDGE_CURVE('',#879,#826,#467,.T.);
#1114=EDGE_CURVE('',#877,#879,#468,.T.);
#1115=EDGE_CURVE('',#880,#881,#469,.T.);
#1116=EDGE_CURVE('',#880,#822,#470,.T.);
#1117=EDGE_CURVE('',#881,#821,#471,.T.);
#1118=EDGE_CURVE('',#882,#880,#472,.T.);
#1119=EDGE_CURVE('',#882,#819,#473,.T.);
#1120=EDGE_CURVE('',#883,#882,#474,.T.);
#1121=EDGE_CURVE('',#883,#820,#475,.T.);
#1122=EDGE_CURVE('',#881,#883,#476,.T.);
#1123=EDGE_CURVE('',#884,#885,#477,.T.);
#1124=EDGE_CURVE('',#885,#886,#478,.T.);
#1125=EDGE_CURVE('',#887,#886,#479,.T.);
#1126=EDGE_CURVE('',#884,#887,#480,.T.);
#1127=EDGE_CURVE('',#888,#884,#481,.T.);
#1128=EDGE_CURVE('',#889,#887,#482,.T.);
#1129=EDGE_CURVE('',#888,#889,#483,.T.);
#1130=EDGE_CURVE('',#890,#888,#484,.T.);
#1131=EDGE_CURVE('',#891,#889,#485,.T.);
#1132=EDGE_CURVE('',#890,#891,#486,.T.);
#1133=EDGE_CURVE('',#885,#890,#487,.T.);
#1134=EDGE_CURVE('',#886,#891,#488,.T.);
#1135=ORIENTED_EDGE('',*,*,#892,.F.);
#1136=ORIENTED_EDGE('',*,*,#893,.F.);
#1137=ORIENTED_EDGE('',*,*,#894,.F.);
#1138=ORIENTED_EDGE('',*,*,#895,.T.);
#1139=ORIENTED_EDGE('',*,*,#896,.F.);
#1140=ORIENTED_EDGE('',*,*,#895,.F.);
#1141=ORIENTED_EDGE('',*,*,#897,.F.);
#1142=ORIENTED_EDGE('',*,*,#898,.T.);
#1143=ORIENTED_EDGE('',*,*,#899,.F.);
#1144=ORIENTED_EDGE('',*,*,#900,.F.);
#1145=ORIENTED_EDGE('',*,*,#901,.F.);
#1146=ORIENTED_EDGE('',*,*,#893,.T.);
#1147=ORIENTED_EDGE('',*,*,#899,.T.);
#1148=ORIENTED_EDGE('',*,*,#892,.T.);
#1149=ORIENTED_EDGE('',*,*,#896,.T.);
#1150=ORIENTED_EDGE('',*,*,#902,.F.);
#1151=ORIENTED_EDGE('',*,*,#903,.T.);
#1152=ORIENTED_EDGE('',*,*,#904,.T.);
#1153=ORIENTED_EDGE('',*,*,#905,.F.);
#1154=ORIENTED_EDGE('',*,*,#906,.F.);
#1155=ORIENTED_EDGE('',*,*,#907,.T.);
#1156=ORIENTED_EDGE('',*,*,#908,.T.);
#1157=ORIENTED_EDGE('',*,*,#909,.T.);
#1158=ORIENTED_EDGE('',*,*,#910,.F.);
#1159=ORIENTED_EDGE('',*,*,#911,.T.);
#1160=ORIENTED_EDGE('',*,*,#912,.T.);
#1161=ORIENTED_EDGE('',*,*,#913,.T.);
#1162=ORIENTED_EDGE('',*,*,#914,.T.);
#1163=ORIENTED_EDGE('',*,*,#915,.T.);
#1164=ORIENTED_EDGE('',*,*,#916,.F.);
#1165=ORIENTED_EDGE('',*,*,#917,.F.);
#1166=ORIENTED_EDGE('',*,*,#918,.F.);
#1167=ORIENTED_EDGE('',*,*,#919,.F.);
#1168=ORIENTED_EDGE('',*,*,#920,.F.);
#1169=ORIENTED_EDGE('',*,*,#919,.T.);
#1170=ORIENTED_EDGE('',*,*,#921,.F.);
#1171=ORIENTED_EDGE('',*,*,#922,.F.);
#1172=ORIENTED_EDGE('',*,*,#921,.T.);
#1173=ORIENTED_EDGE('',*,*,#918,.T.);
#1174=ORIENTED_EDGE('',*,*,#923,.F.);
#1175=ORIENTED_EDGE('',*,*,#924,.F.);
#1176=ORIENTED_EDGE('',*,*,#910,.T.);
#1177=ORIENTED_EDGE('',*,*,#925,.T.);
#1178=ORIENTED_EDGE('',*,*,#926,.T.);
#1179=ORIENTED_EDGE('',*,*,#927,.T.);
#1180=ORIENTED_EDGE('',*,*,#916,.T.);
#1181=ORIENTED_EDGE('',*,*,#920,.T.);
#1182=ORIENTED_EDGE('',*,*,#928,.T.);
#1183=ORIENTED_EDGE('',*,*,#929,.T.);
#1184=ORIENTED_EDGE('',*,*,#930,.T.);
#1185=ORIENTED_EDGE('',*,*,#931,.T.);
#1186=ORIENTED_EDGE('',*,*,#932,.T.);
#1187=ORIENTED_EDGE('',*,*,#933,.T.);
#1188=ORIENTED_EDGE('',*,*,#902,.T.);
#1189=ORIENTED_EDGE('',*,*,#898,.F.);
#1190=ORIENTED_EDGE('',*,*,#934,.F.);
#1191=ORIENTED_EDGE('',*,*,#900,.T.);
#1192=ORIENTED_EDGE('',*,*,#929,.F.);
#1193=ORIENTED_EDGE('',*,*,#935,.F.);
#1194=ORIENTED_EDGE('',*,*,#936,.F.);
#1195=ORIENTED_EDGE('',*,*,#937,.F.);
#1196=ORIENTED_EDGE('',*,*,#930,.F.);
#1197=ORIENTED_EDGE('',*,*,#937,.T.);
#1198=ORIENTED_EDGE('',*,*,#938,.F.);
#1199=ORIENTED_EDGE('',*,*,#939,.F.);
#1200=ORIENTED_EDGE('',*,*,#940,.F.);
#1201=ORIENTED_EDGE('',*,*,#941,.F.);
#1202=ORIENTED_EDGE('',*,*,#938,.T.);
#1203=ORIENTED_EDGE('',*,*,#936,.T.);
#1204=ORIENTED_EDGE('',*,*,#939,.T.);
#1205=ORIENTED_EDGE('',*,*,#941,.T.);
#1206=ORIENTED_EDGE('',*,*,#942,.T.);
#1207=ORIENTED_EDGE('',*,*,#943,.F.);
#1208=ORIENTED_EDGE('',*,*,#905,.T.);
#1209=ORIENTED_EDGE('',*,*,#944,.T.);
#1210=ORIENTED_EDGE('',*,*,#945,.T.);
#1211=ORIENTED_EDGE('',*,*,#931,.F.);
#1212=ORIENTED_EDGE('',*,*,#925,.F.);
#1213=ORIENTED_EDGE('',*,*,#909,.F.);
#1214=ORIENTED_EDGE('',*,*,#946,.F.);
#1215=ORIENTED_EDGE('',*,*,#947,.F.);
#1216=ORIENTED_EDGE('',*,*,#926,.F.);
#1217=ORIENTED_EDGE('',*,*,#947,.T.);
#1218=ORIENTED_EDGE('',*,*,#948,.F.);
#1219=ORIENTED_EDGE('',*,*,#949,.F.);
#1220=ORIENTED_EDGE('',*,*,#908,.F.);
#1221=ORIENTED_EDGE('',*,*,#950,.F.);
#1222=ORIENTED_EDGE('',*,*,#948,.T.);
#1223=ORIENTED_EDGE('',*,*,#946,.T.);
#1224=ORIENTED_EDGE('',*,*,#917,.T.);
#1225=ORIENTED_EDGE('',*,*,#927,.F.);
#1226=ORIENTED_EDGE('',*,*,#949,.T.);
#1227=ORIENTED_EDGE('',*,*,#950,.T.);
#1228=ORIENTED_EDGE('',*,*,#907,.F.);
#1229=ORIENTED_EDGE('',*,*,#951,.F.);
#1230=ORIENTED_EDGE('',*,*,#952,.T.);
#1231=ORIENTED_EDGE('',*,*,#923,.T.);
#1232=ORIENTED_EDGE('',*,*,#932,.F.);
#1233=ORIENTED_EDGE('',*,*,#945,.F.);
#1234=ORIENTED_EDGE('',*,*,#953,.F.);
#1235=ORIENTED_EDGE('',*,*,#954,.F.);
#1236=ORIENTED_EDGE('',*,*,#933,.F.);
#1237=ORIENTED_EDGE('',*,*,#954,.T.);
#1238=ORIENTED_EDGE('',*,*,#955,.F.);
#1239=ORIENTED_EDGE('',*,*,#903,.F.);
#1240=ORIENTED_EDGE('',*,*,#955,.T.);
#1241=ORIENTED_EDGE('',*,*,#953,.T.);
#1242=ORIENTED_EDGE('',*,*,#944,.F.);
#1243=ORIENTED_EDGE('',*,*,#904,.F.);
#1244=ORIENTED_EDGE('',*,*,#924,.T.);
#1245=ORIENTED_EDGE('',*,*,#952,.F.);
#1246=ORIENTED_EDGE('',*,*,#956,.F.);
#1247=ORIENTED_EDGE('',*,*,#942,.F.);
#1248=ORIENTED_EDGE('',*,*,#940,.T.);
#1249=ORIENTED_EDGE('',*,*,#935,.T.);
#1250=ORIENTED_EDGE('',*,*,#928,.F.);
#1251=ORIENTED_EDGE('',*,*,#922,.T.);
#1252=ORIENTED_EDGE('',*,*,#957,.T.);
#1253=ORIENTED_EDGE('',*,*,#958,.T.);
#1254=ORIENTED_EDGE('',*,*,#959,.T.);
#1255=ORIENTED_EDGE('',*,*,#960,.T.);
#1256=ORIENTED_EDGE('',*,*,#961,.T.);
#1257=ORIENTED_EDGE('',*,*,#962,.T.);
#1258=ORIENTED_EDGE('',*,*,#963,.T.);
#1259=ORIENTED_EDGE('',*,*,#964,.T.);
#1260=ORIENTED_EDGE('',*,*,#965,.T.);
#1261=ORIENTED_EDGE('',*,*,#966,.T.);
#1262=ORIENTED_EDGE('',*,*,#967,.T.);
#1263=ORIENTED_EDGE('',*,*,#968,.T.);
#1264=ORIENTED_EDGE('',*,*,#969,.T.);
#1265=ORIENTED_EDGE('',*,*,#970,.T.);
#1266=ORIENTED_EDGE('',*,*,#971,.T.);
#1267=ORIENTED_EDGE('',*,*,#972,.T.);
#1268=ORIENTED_EDGE('',*,*,#973,.T.);
#1269=ORIENTED_EDGE('',*,*,#974,.T.);
#1270=ORIENTED_EDGE('',*,*,#975,.T.);
#1271=ORIENTED_EDGE('',*,*,#976,.T.);
#1272=ORIENTED_EDGE('',*,*,#977,.T.);
#1273=ORIENTED_EDGE('',*,*,#978,.T.);
#1274=ORIENTED_EDGE('',*,*,#979,.T.);
#1275=ORIENTED_EDGE('',*,*,#980,.T.);
#1276=ORIENTED_EDGE('',*,*,#981,.T.);
#1277=ORIENTED_EDGE('',*,*,#982,.T.);
#1278=ORIENTED_EDGE('',*,*,#983,.T.);
#1279=ORIENTED_EDGE('',*,*,#984,.T.);
#1280=ORIENTED_EDGE('',*,*,#985,.T.);
#1281=ORIENTED_EDGE('',*,*,#986,.T.);
#1282=ORIENTED_EDGE('',*,*,#987,.T.);
#1283=ORIENTED_EDGE('',*,*,#988,.T.);
#1284=ORIENTED_EDGE('',*,*,#989,.T.);
#1285=ORIENTED_EDGE('',*,*,#990,.T.);
#1286=ORIENTED_EDGE('',*,*,#991,.T.);
#1287=ORIENTED_EDGE('',*,*,#992,.T.);
#1288=ORIENTED_EDGE('',*,*,#993,.T.);
#1289=ORIENTED_EDGE('',*,*,#994,.T.);
#1290=ORIENTED_EDGE('',*,*,#995,.T.);
#1291=ORIENTED_EDGE('',*,*,#996,.T.);
#1292=ORIENTED_EDGE('',*,*,#997,.T.);
#1293=ORIENTED_EDGE('',*,*,#998,.T.);
#1294=ORIENTED_EDGE('',*,*,#999,.T.);
#1295=ORIENTED_EDGE('',*,*,#1000,.T.);
#1296=ORIENTED_EDGE('',*,*,#1001,.T.);
#1297=ORIENTED_EDGE('',*,*,#1002,.T.);
#1298=ORIENTED_EDGE('',*,*,#1003,.T.);
#1299=ORIENTED_EDGE('',*,*,#1004,.T.);
#1300=ORIENTED_EDGE('',*,*,#1005,.T.);
#1301=ORIENTED_EDGE('',*,*,#1006,.T.);
#1302=ORIENTED_EDGE('',*,*,#1007,.T.);
#1303=ORIENTED_EDGE('',*,*,#1008,.T.);
#1304=ORIENTED_EDGE('',*,*,#911,.F.);
#1305=ORIENTED_EDGE('',*,*,#1009,.F.);
#1306=ORIENTED_EDGE('',*,*,#1010,.F.);
#1307=ORIENTED_EDGE('',*,*,#1011,.T.);
#1308=ORIENTED_EDGE('',*,*,#912,.F.);
#1309=ORIENTED_EDGE('',*,*,#1011,.F.);
#1310=ORIENTED_EDGE('',*,*,#1012,.F.);
#1311=ORIENTED_EDGE('',*,*,#1013,.T.);
#1312=ORIENTED_EDGE('',*,*,#913,.F.);
#1313=ORIENTED_EDGE('',*,*,#1013,.F.);
#1314=ORIENTED_EDGE('',*,*,#1014,.F.);
#1315=ORIENTED_EDGE('',*,*,#1015,.T.);
#1316=ORIENTED_EDGE('',*,*,#914,.F.);
#1317=ORIENTED_EDGE('',*,*,#1015,.F.);
#1318=ORIENTED_EDGE('',*,*,#1016,.F.);
#1319=ORIENTED_EDGE('',*,*,#1009,.T.);
#1320=ORIENTED_EDGE('',*,*,#1017,.F.);
#1321=ORIENTED_EDGE('',*,*,#1018,.T.);
#1322=ORIENTED_EDGE('',*,*,#915,.F.);
#1323=ORIENTED_EDGE('',*,*,#1018,.F.);
#1324=ORIENTED_EDGE('',*,*,#1019,.F.);
#1325=ORIENTED_EDGE('',*,*,#1020,.T.);
#1326=ORIENTED_EDGE('',*,*,#991,.F.);
#1327=ORIENTED_EDGE('',*,*,#1021,.F.);
#1328=ORIENTED_EDGE('',*,*,#1022,.F.);
#1329=ORIENTED_EDGE('',*,*,#1023,.T.);
#1330=ORIENTED_EDGE('',*,*,#992,.F.);
#1331=ORIENTED_EDGE('',*,*,#1020,.F.);
#1332=ORIENTED_EDGE('',*,*,#1024,.F.);
#1333=ORIENTED_EDGE('',*,*,#1025,.T.);
#1334=ORIENTED_EDGE('',*,*,#989,.F.);
#1335=ORIENTED_EDGE('',*,*,#1023,.F.);
#1336=ORIENTED_EDGE('',*,*,#1026,.F.);
#1337=ORIENTED_EDGE('',*,*,#1021,.T.);
#1338=ORIENTED_EDGE('',*,*,#990,.F.);
#1339=ORIENTED_EDGE('',*,*,#1025,.F.);
#1340=ORIENTED_EDGE('',*,*,#1027,.F.);
#1341=ORIENTED_EDGE('',*,*,#1028,.T.);
#1342=ORIENTED_EDGE('',*,*,#983,.F.);
#1343=ORIENTED_EDGE('',*,*,#1029,.F.);
#1344=ORIENTED_EDGE('',*,*,#1030,.F.);
#1345=ORIENTED_EDGE('',*,*,#1031,.T.);
#1346=ORIENTED_EDGE('',*,*,#984,.F.);
#1347=ORIENTED_EDGE('',*,*,#1028,.F.);
#1348=ORIENTED_EDGE('',*,*,#1032,.F.);
#1349=ORIENTED_EDGE('',*,*,#1033,.T.);
#1350=ORIENTED_EDGE('',*,*,#981,.F.);
#1351=ORIENTED_EDGE('',*,*,#1031,.F.);
#1352=ORIENTED_EDGE('',*,*,#1034,.F.);
#1353=ORIENTED_EDGE('',*,*,#1029,.T.);
#1354=ORIENTED_EDGE('',*,*,#982,.F.);
#1355=ORIENTED_EDGE('',*,*,#1033,.F.);
#1356=ORIENTED_EDGE('',*,*,#1035,.F.);
#1357=ORIENTED_EDGE('',*,*,#1036,.T.);
#1358=ORIENTED_EDGE('',*,*,#975,.F.);
#1359=ORIENTED_EDGE('',*,*,#1037,.F.);
#1360=ORIENTED_EDGE('',*,*,#1038,.F.);
#1361=ORIENTED_EDGE('',*,*,#1039,.T.);
#1362=ORIENTED_EDGE('',*,*,#976,.F.);
#1363=ORIENTED_EDGE('',*,*,#1036,.F.);
#1364=ORIENTED_EDGE('',*,*,#1040,.F.);
#1365=ORIENTED_EDGE('',*,*,#1041,.T.);
#1366=ORIENTED_EDGE('',*,*,#973,.F.);
#1367=ORIENTED_EDGE('',*,*,#1039,.F.);
#1368=ORIENTED_EDGE('',*,*,#1042,.F.);
#1369=ORIENTED_EDGE('',*,*,#1037,.T.);
#1370=ORIENTED_EDGE('',*,*,#974,.F.);
#1371=ORIENTED_EDGE('',*,*,#1041,.F.);
#1372=ORIENTED_EDGE('',*,*,#1043,.F.);
#1373=ORIENTED_EDGE('',*,*,#1044,.T.);
#1374=ORIENTED_EDGE('',*,*,#967,.F.);
#1375=ORIENTED_EDGE('',*,*,#1045,.F.);
#1376=ORIENTED_EDGE('',*,*,#1046,.F.);
#1377=ORIENTED_EDGE('',*,*,#1047,.T.);
#1378=ORIENTED_EDGE('',*,*,#968,.F.);
#1379=ORIENTED_EDGE('',*,*,#1044,.F.);
#1380=ORIENTED_EDGE('',*,*,#1048,.F.);
#1381=ORIENTED_EDGE('',*,*,#1049,.T.);
#1382=ORIENTED_EDGE('',*,*,#965,.F.);
#1383=ORIENTED_EDGE('',*,*,#1047,.F.);
#1384=ORIENTED_EDGE('',*,*,#1050,.F.);
#1385=ORIENTED_EDGE('',*,*,#1045,.T.);
#1386=ORIENTED_EDGE('',*,*,#966,.F.);
#1387=ORIENTED_EDGE('',*,*,#1049,.F.);
#1388=ORIENTED_EDGE('',*,*,#1051,.F.);
#1389=ORIENTED_EDGE('',*,*,#1052,.T.);
#1390=ORIENTED_EDGE('',*,*,#959,.F.);
#1391=ORIENTED_EDGE('',*,*,#1053,.F.);
#1392=ORIENTED_EDGE('',*,*,#1054,.F.);
#1393=ORIENTED_EDGE('',*,*,#1055,.T.);
#1394=ORIENTED_EDGE('',*,*,#960,.F.);
#1395=ORIENTED_EDGE('',*,*,#1052,.F.);
#1396=ORIENTED_EDGE('',*,*,#1056,.F.);
#1397=ORIENTED_EDGE('',*,*,#1057,.T.);
#1398=ORIENTED_EDGE('',*,*,#957,.F.);
#1399=ORIENTED_EDGE('',*,*,#1055,.F.);
#1400=ORIENTED_EDGE('',*,*,#1058,.F.);
#1401=ORIENTED_EDGE('',*,*,#1053,.T.);
#1402=ORIENTED_EDGE('',*,*,#958,.F.);
#1403=ORIENTED_EDGE('',*,*,#1057,.F.);
#1404=ORIENTED_EDGE('',*,*,#1059,.F.);
#1405=ORIENTED_EDGE('',*,*,#1060,.T.);
#1406=ORIENTED_EDGE('',*,*,#961,.F.);
#1407=ORIENTED_EDGE('',*,*,#1061,.F.);
#1408=ORIENTED_EDGE('',*,*,#1062,.F.);
#1409=ORIENTED_EDGE('',*,*,#1063,.T.);
#1410=ORIENTED_EDGE('',*,*,#962,.F.);
#1411=ORIENTED_EDGE('',*,*,#1060,.F.);
#1412=ORIENTED_EDGE('',*,*,#1064,.F.);
#1413=ORIENTED_EDGE('',*,*,#1065,.T.);
#1414=ORIENTED_EDGE('',*,*,#963,.F.);
#1415=ORIENTED_EDGE('',*,*,#1063,.F.);
#1416=ORIENTED_EDGE('',*,*,#1066,.F.);
#1417=ORIENTED_EDGE('',*,*,#1061,.T.);
#1418=ORIENTED_EDGE('',*,*,#964,.F.);
#1419=ORIENTED_EDGE('',*,*,#1065,.F.);
#1420=ORIENTED_EDGE('',*,*,#1067,.F.);
#1421=ORIENTED_EDGE('',*,*,#1068,.T.);
#1422=ORIENTED_EDGE('',*,*,#969,.F.);
#1423=ORIENTED_EDGE('',*,*,#1069,.F.);
#1424=ORIENTED_EDGE('',*,*,#1070,.F.);
#1425=ORIENTED_EDGE('',*,*,#1071,.T.);
#1426=ORIENTED_EDGE('',*,*,#970,.F.);
#1427=ORIENTED_EDGE('',*,*,#1068,.F.);
#1428=ORIENTED_EDGE('',*,*,#1072,.F.);
#1429=ORIENTED_EDGE('',*,*,#1073,.T.);
#1430=ORIENTED_EDGE('',*,*,#971,.F.);
#1431=ORIENTED_EDGE('',*,*,#1071,.F.);
#1432=ORIENTED_EDGE('',*,*,#1074,.F.);
#1433=ORIENTED_EDGE('',*,*,#1069,.T.);
#1434=ORIENTED_EDGE('',*,*,#972,.F.);
#1435=ORIENTED_EDGE('',*,*,#1073,.F.);
#1436=ORIENTED_EDGE('',*,*,#1075,.F.);
#1437=ORIENTED_EDGE('',*,*,#1076,.T.);
#1438=ORIENTED_EDGE('',*,*,#977,.F.);
#1439=ORIENTED_EDGE('',*,*,#1077,.F.);
#1440=ORIENTED_EDGE('',*,*,#1078,.F.);
#1441=ORIENTED_EDGE('',*,*,#1079,.T.);
#1442=ORIENTED_EDGE('',*,*,#978,.F.);
#1443=ORIENTED_EDGE('',*,*,#1076,.F.);
#1444=ORIENTED_EDGE('',*,*,#1080,.F.);
#1445=ORIENTED_EDGE('',*,*,#1081,.T.);
#1446=ORIENTED_EDGE('',*,*,#979,.F.);
#1447=ORIENTED_EDGE('',*,*,#1079,.F.);
#1448=ORIENTED_EDGE('',*,*,#1082,.F.);
#1449=ORIENTED_EDGE('',*,*,#1077,.T.);
#1450=ORIENTED_EDGE('',*,*,#980,.F.);
#1451=ORIENTED_EDGE('',*,*,#1081,.F.);
#1452=ORIENTED_EDGE('',*,*,#1083,.F.);
#1453=ORIENTED_EDGE('',*,*,#1084,.T.);
#1454=ORIENTED_EDGE('',*,*,#985,.F.);
#1455=ORIENTED_EDGE('',*,*,#1085,.F.);
#1456=ORIENTED_EDGE('',*,*,#1086,.F.);
#1457=ORIENTED_EDGE('',*,*,#1087,.T.);
#1458=ORIENTED_EDGE('',*,*,#986,.F.);
#1459=ORIENTED_EDGE('',*,*,#1084,.F.);
#1460=ORIENTED_EDGE('',*,*,#1088,.F.);
#1461=ORIENTED_EDGE('',*,*,#1089,.T.);
#1462=ORIENTED_EDGE('',*,*,#987,.F.);
#1463=ORIENTED_EDGE('',*,*,#1087,.F.);
#1464=ORIENTED_EDGE('',*,*,#1090,.F.);
#1465=ORIENTED_EDGE('',*,*,#1085,.T.);
#1466=ORIENTED_EDGE('',*,*,#988,.F.);
#1467=ORIENTED_EDGE('',*,*,#1089,.F.);
#1468=ORIENTED_EDGE('',*,*,#1091,.F.);
#1469=ORIENTED_EDGE('',*,*,#1092,.T.);
#1470=ORIENTED_EDGE('',*,*,#993,.F.);
#1471=ORIENTED_EDGE('',*,*,#1093,.F.);
#1472=ORIENTED_EDGE('',*,*,#1094,.F.);
#1473=ORIENTED_EDGE('',*,*,#1095,.T.);
#1474=ORIENTED_EDGE('',*,*,#994,.F.);
#1475=ORIENTED_EDGE('',*,*,#1092,.F.);
#1476=ORIENTED_EDGE('',*,*,#1096,.F.);
#1477=ORIENTED_EDGE('',*,*,#1097,.T.);
#1478=ORIENTED_EDGE('',*,*,#995,.F.);
#1479=ORIENTED_EDGE('',*,*,#1095,.F.);
#1480=ORIENTED_EDGE('',*,*,#1098,.F.);
#1481=ORIENTED_EDGE('',*,*,#1093,.T.);
#1482=ORIENTED_EDGE('',*,*,#996,.F.);
#1483=ORIENTED_EDGE('',*,*,#1097,.F.);
#1484=ORIENTED_EDGE('',*,*,#1099,.F.);
#1485=ORIENTED_EDGE('',*,*,#1100,.T.);
#1486=ORIENTED_EDGE('',*,*,#997,.F.);
#1487=ORIENTED_EDGE('',*,*,#1101,.F.);
#1488=ORIENTED_EDGE('',*,*,#1102,.F.);
#1489=ORIENTED_EDGE('',*,*,#1103,.T.);
#1490=ORIENTED_EDGE('',*,*,#998,.F.);
#1491=ORIENTED_EDGE('',*,*,#1100,.F.);
#1492=ORIENTED_EDGE('',*,*,#1104,.F.);
#1493=ORIENTED_EDGE('',*,*,#1105,.T.);
#1494=ORIENTED_EDGE('',*,*,#999,.F.);
#1495=ORIENTED_EDGE('',*,*,#1103,.F.);
#1496=ORIENTED_EDGE('',*,*,#1106,.F.);
#1497=ORIENTED_EDGE('',*,*,#1101,.T.);
#1498=ORIENTED_EDGE('',*,*,#1000,.F.);
#1499=ORIENTED_EDGE('',*,*,#1105,.F.);
#1500=ORIENTED_EDGE('',*,*,#1107,.F.);
#1501=ORIENTED_EDGE('',*,*,#1108,.T.);
#1502=ORIENTED_EDGE('',*,*,#1005,.F.);
#1503=ORIENTED_EDGE('',*,*,#1109,.F.);
#1504=ORIENTED_EDGE('',*,*,#1110,.F.);
#1505=ORIENTED_EDGE('',*,*,#1111,.T.);
#1506=ORIENTED_EDGE('',*,*,#1006,.F.);
#1507=ORIENTED_EDGE('',*,*,#1108,.F.);
#1508=ORIENTED_EDGE('',*,*,#1112,.F.);
#1509=ORIENTED_EDGE('',*,*,#1113,.T.);
#1510=ORIENTED_EDGE('',*,*,#1007,.F.);
#1511=ORIENTED_EDGE('',*,*,#1111,.F.);
#1512=ORIENTED_EDGE('',*,*,#1114,.F.);
#1513=ORIENTED_EDGE('',*,*,#1109,.T.);
#1514=ORIENTED_EDGE('',*,*,#1008,.F.);
#1515=ORIENTED_EDGE('',*,*,#1113,.F.);
#1516=ORIENTED_EDGE('',*,*,#1115,.F.);
#1517=ORIENTED_EDGE('',*,*,#1116,.T.);
#1518=ORIENTED_EDGE('',*,*,#1003,.F.);
#1519=ORIENTED_EDGE('',*,*,#1117,.F.);
#1520=ORIENTED_EDGE('',*,*,#1118,.F.);
#1521=ORIENTED_EDGE('',*,*,#1119,.T.);
#1522=ORIENTED_EDGE('',*,*,#1004,.F.);
#1523=ORIENTED_EDGE('',*,*,#1116,.F.);
#1524=ORIENTED_EDGE('',*,*,#1120,.F.);
#1525=ORIENTED_EDGE('',*,*,#1121,.T.);
#1526=ORIENTED_EDGE('',*,*,#1001,.F.);
#1527=ORIENTED_EDGE('',*,*,#1119,.F.);
#1528=ORIENTED_EDGE('',*,*,#1122,.F.);
#1529=ORIENTED_EDGE('',*,*,#1117,.T.);
#1530=ORIENTED_EDGE('',*,*,#1002,.F.);
#1531=ORIENTED_EDGE('',*,*,#1121,.F.);
#1532=ORIENTED_EDGE('',*,*,#1123,.T.);
#1533=ORIENTED_EDGE('',*,*,#1124,.T.);
#1534=ORIENTED_EDGE('',*,*,#1125,.F.);
#1535=ORIENTED_EDGE('',*,*,#1126,.F.);
#1536=ORIENTED_EDGE('',*,*,#1127,.T.);
#1537=ORIENTED_EDGE('',*,*,#1126,.T.);
#1538=ORIENTED_EDGE('',*,*,#1128,.F.);
#1539=ORIENTED_EDGE('',*,*,#1129,.F.);
#1540=ORIENTED_EDGE('',*,*,#934,.T.);
#1541=ORIENTED_EDGE('',*,*,#897,.T.);
#1542=ORIENTED_EDGE('',*,*,#894,.T.);
#1543=ORIENTED_EDGE('',*,*,#901,.T.);
#1544=ORIENTED_EDGE('',*,*,#1014,.T.);
#1545=ORIENTED_EDGE('',*,*,#1012,.T.);
#1546=ORIENTED_EDGE('',*,*,#1010,.T.);
#1547=ORIENTED_EDGE('',*,*,#1016,.T.);
#1548=ORIENTED_EDGE('',*,*,#1017,.T.);
#1549=ORIENTED_EDGE('',*,*,#1130,.T.);
#1550=ORIENTED_EDGE('',*,*,#1129,.T.);
#1551=ORIENTED_EDGE('',*,*,#1131,.F.);
#1552=ORIENTED_EDGE('',*,*,#1132,.F.);
#1553=ORIENTED_EDGE('',*,*,#1133,.T.);
#1554=ORIENTED_EDGE('',*,*,#1132,.T.);
#1555=ORIENTED_EDGE('',*,*,#1134,.F.);
#1556=ORIENTED_EDGE('',*,*,#1124,.F.);
#1557=ORIENTED_EDGE('',*,*,#1115,.T.);
#1558=ORIENTED_EDGE('',*,*,#1122,.T.);
#1559=ORIENTED_EDGE('',*,*,#1120,.T.);
#1560=ORIENTED_EDGE('',*,*,#1118,.T.);
#1561=ORIENTED_EDGE('',*,*,#1107,.T.);
#1562=ORIENTED_EDGE('',*,*,#1114,.T.);
#1563=ORIENTED_EDGE('',*,*,#1112,.T.);
#1564=ORIENTED_EDGE('',*,*,#1110,.T.);
#1565=ORIENTED_EDGE('',*,*,#1099,.T.);
#1566=ORIENTED_EDGE('',*,*,#1106,.T.);
#1567=ORIENTED_EDGE('',*,*,#1104,.T.);
#1568=ORIENTED_EDGE('',*,*,#1102,.T.);
#1569=ORIENTED_EDGE('',*,*,#1091,.T.);
#1570=ORIENTED_EDGE('',*,*,#1098,.T.);
#1571=ORIENTED_EDGE('',*,*,#1096,.T.);
#1572=ORIENTED_EDGE('',*,*,#1094,.T.);
#1573=ORIENTED_EDGE('',*,*,#1083,.T.);
#1574=ORIENTED_EDGE('',*,*,#1090,.T.);
#1575=ORIENTED_EDGE('',*,*,#1088,.T.);
#1576=ORIENTED_EDGE('',*,*,#1086,.T.);
#1577=ORIENTED_EDGE('',*,*,#1075,.T.);
#1578=ORIENTED_EDGE('',*,*,#1082,.T.);
#1579=ORIENTED_EDGE('',*,*,#1080,.T.);
#1580=ORIENTED_EDGE('',*,*,#1078,.T.);
#1581=ORIENTED_EDGE('',*,*,#1067,.T.);
#1582=ORIENTED_EDGE('',*,*,#1074,.T.);
#1583=ORIENTED_EDGE('',*,*,#1072,.T.);
#1584=ORIENTED_EDGE('',*,*,#1070,.T.);
#1585=ORIENTED_EDGE('',*,*,#1059,.T.);
#1586=ORIENTED_EDGE('',*,*,#1066,.T.);
#1587=ORIENTED_EDGE('',*,*,#1064,.T.);
#1588=ORIENTED_EDGE('',*,*,#1062,.T.);
#1589=ORIENTED_EDGE('',*,*,#1051,.T.);
#1590=ORIENTED_EDGE('',*,*,#1058,.T.);
#1591=ORIENTED_EDGE('',*,*,#1056,.T.);
#1592=ORIENTED_EDGE('',*,*,#1054,.T.);
#1593=ORIENTED_EDGE('',*,*,#1043,.T.);
#1594=ORIENTED_EDGE('',*,*,#1050,.T.);
#1595=ORIENTED_EDGE('',*,*,#1048,.T.);
#1596=ORIENTED_EDGE('',*,*,#1046,.T.);
#1597=ORIENTED_EDGE('',*,*,#1035,.T.);
#1598=ORIENTED_EDGE('',*,*,#1042,.T.);
#1599=ORIENTED_EDGE('',*,*,#1040,.T.);
#1600=ORIENTED_EDGE('',*,*,#1038,.T.);
#1601=ORIENTED_EDGE('',*,*,#1027,.T.);
#1602=ORIENTED_EDGE('',*,*,#1034,.T.);
#1603=ORIENTED_EDGE('',*,*,#1032,.T.);
#1604=ORIENTED_EDGE('',*,*,#1030,.T.);
#1605=ORIENTED_EDGE('',*,*,#1019,.T.);
#1606=ORIENTED_EDGE('',*,*,#1026,.T.);
#1607=ORIENTED_EDGE('',*,*,#1024,.T.);
#1608=ORIENTED_EDGE('',*,*,#1022,.T.);
#1609=ORIENTED_EDGE('',*,*,#1134,.T.);
#1610=ORIENTED_EDGE('',*,*,#1131,.T.);
#1611=ORIENTED_EDGE('',*,*,#1128,.T.);
#1612=ORIENTED_EDGE('',*,*,#1125,.T.);
#1613=ORIENTED_EDGE('',*,*,#943,.T.);
#1614=ORIENTED_EDGE('',*,*,#956,.T.);
#1615=ORIENTED_EDGE('',*,*,#951,.T.);
#1616=ORIENTED_EDGE('',*,*,#906,.T.);
#1617=ORIENTED_EDGE('',*,*,#1133,.F.);
#1618=ORIENTED_EDGE('',*,*,#1123,.F.);
#1619=ORIENTED_EDGE('',*,*,#1127,.F.);
#1620=ORIENTED_EDGE('',*,*,#1130,.F.);
#1621=PLANE('',#1800);
#1622=PLANE('',#1801);
#1623=PLANE('',#1802);
#1624=PLANE('',#1803);
#1625=PLANE('',#1805);
#1626=PLANE('',#1806);
#1627=PLANE('',#1807);
#1628=PLANE('',#1808);
#1629=PLANE('',#1809);
#1630=PLANE('',#1810);
#1631=PLANE('',#1811);
#1632=PLANE('',#1812);
#1633=PLANE('',#1813);
#1634=PLANE('',#1814);
#1635=PLANE('',#1815);
#1636=PLANE('',#1816);
#1637=PLANE('',#1817);
#1638=PLANE('',#1818);
#1639=PLANE('',#1819);
#1640=PLANE('',#1820);
#1641=PLANE('',#1821);
#1642=PLANE('',#1822);
#1643=PLANE('',#1823);
#1644=PLANE('',#1824);
#1645=PLANE('',#1827);
#1646=PLANE('',#1828);
#1647=PLANE('',#1829);
#1648=PLANE('',#1830);
#1649=PLANE('',#1831);
#1650=PLANE('',#1832);
#1651=PLANE('',#1833);
#1652=PLANE('',#1834);
#1653=PLANE('',#1835);
#1654=PLANE('',#1836);
#1655=PLANE('',#1837);
#1656=PLANE('',#1838);
#1657=PLANE('',#1839);
#1658=PLANE('',#1840);
#1659=PLANE('',#1841);
#1660=PLANE('',#1842);
#1661=PLANE('',#1843);
#1662=PLANE('',#1844);
#1663=PLANE('',#1845);
#1664=PLANE('',#1846);
#1665=PLANE('',#1847);
#1666=PLANE('',#1848);
#1667=PLANE('',#1849);
#1668=PLANE('',#1850);
#1669=PLANE('',#1851);
#1670=PLANE('',#1852);
#1671=PLANE('',#1853);
#1672=PLANE('',#1854);
#1673=PLANE('',#1855);
#1674=PLANE('',#1856);
#1675=PLANE('',#1857);
#1676=PLANE('',#1858);
#1677=PLANE('',#1859);
#1678=PLANE('',#1860);
#1679=PLANE('',#1861);
#1680=PLANE('',#1862);
#1681=PLANE('',#1863);
#1682=PLANE('',#1864);
#1683=PLANE('',#1865);
#1684=PLANE('',#1866);
#1685=PLANE('',#1867);
#1686=PLANE('',#1868);
#1687=PLANE('',#1869);
#1688=PLANE('',#1870);
#1689=PLANE('',#1871);
#1690=PLANE('',#1872);
#1691=PLANE('',#1873);
#1692=PLANE('',#1874);
#1693=PLANE('',#1875);
#1694=PLANE('',#1876);
#1695=PLANE('',#1877);
#1696=PLANE('',#1878);
#1697=PLANE('',#1879);
#1698=PLANE('',#1880);
#1699=PLANE('',#1881);
#1700=PLANE('',#1882);
#1701=PLANE('',#1883);
#1702=PLANE('',#1884);
#1703=ADVANCED_FACE('',(#50),#1621,.F.);
#1704=ADVANCED_FACE('',(#51),#1622,.F.);
#1705=ADVANCED_FACE('',(#52),#1623,.F.);
#1706=ADVANCED_FACE('',(#53,#18,#19),#1624,.F.);
#1707=ADVANCED_FACE('',(#54),#1625,.T.);
#1708=ADVANCED_FACE('',(#55),#1626,.T.);
#1709=ADVANCED_FACE('',(#56),#1627,.T.);
#1710=ADVANCED_FACE('',(#57),#1628,.T.);
#1711=ADVANCED_FACE('',(#58),#1629,.T.);
#1712=ADVANCED_FACE('',(#59),#1630,.T.);
#1713=ADVANCED_FACE('',(#60),#1631,.T.);
#1714=ADVANCED_FACE('',(#61),#1632,.F.);
#1715=ADVANCED_FACE('',(#62),#1633,.T.);
#1716=ADVANCED_FACE('',(#63),#1634,.T.);
#1717=ADVANCED_FACE('',(#64),#1635,.T.);
#1718=ADVANCED_FACE('',(#65),#1636,.F.);
#1719=ADVANCED_FACE('',(#66),#1637,.T.);
#1720=ADVANCED_FACE('',(#67),#1638,.T.);
#1721=ADVANCED_FACE('',(#68),#1639,.T.);
#1722=ADVANCED_FACE('',(#69,#20,#21,#22,#23,#24,#25,#26,#27,#28,#29,#30,
#31,#32),#1640,.F.);
#1723=ADVANCED_FACE('',(#70),#1641,.F.);
#1724=ADVANCED_FACE('',(#71),#1642,.F.);
#1725=ADVANCED_FACE('',(#72),#1643,.F.);
#1726=ADVANCED_FACE('',(#73),#1644,.F.);
#1727=ADVANCED_FACE('',(#74),#15,.F.);
#1728=ADVANCED_FACE('',(#75),#1645,.F.);
#1729=ADVANCED_FACE('',(#76),#1646,.F.);
#1730=ADVANCED_FACE('',(#77),#1647,.F.);
#1731=ADVANCED_FACE('',(#78),#1648,.F.);
#1732=ADVANCED_FACE('',(#79),#1649,.F.);
#1733=ADVANCED_FACE('',(#80),#1650,.F.);
#1734=ADVANCED_FACE('',(#81),#1651,.F.);
#1735=ADVANCED_FACE('',(#82),#1652,.F.);
#1736=ADVANCED_FACE('',(#83),#1653,.F.);
#1737=ADVANCED_FACE('',(#84),#1654,.F.);
#1738=ADVANCED_FACE('',(#85),#1655,.F.);
#1739=ADVANCED_FACE('',(#86),#1656,.F.);
#1740=ADVANCED_FACE('',(#87),#1657,.F.);
#1741=ADVANCED_FACE('',(#88),#1658,.F.);
#1742=ADVANCED_FACE('',(#89),#1659,.F.);
#1743=ADVANCED_FACE('',(#90),#1660,.F.);
#1744=ADVANCED_FACE('',(#91),#1661,.F.);
#1745=ADVANCED_FACE('',(#92),#1662,.F.);
#1746=ADVANCED_FACE('',(#93),#1663,.F.);
#1747=ADVANCED_FACE('',(#94),#1664,.F.);
#1748=ADVANCED_FACE('',(#95),#1665,.F.);
#1749=ADVANCED_FACE('',(#96),#1666,.F.);
#1750=ADVANCED_FACE('',(#97),#1667,.F.);
#1751=ADVANCED_FACE('',(#98),#1668,.F.);
#1752=ADVANCED_FACE('',(#99),#1669,.F.);
#1753=ADVANCED_FACE('',(#100),#1670,.F.);
#1754=ADVANCED_FACE('',(#101),#1671,.F.);
#1755=ADVANCED_FACE('',(#102),#1672,.F.);
#1756=ADVANCED_FACE('',(#103),#1673,.F.);
#1757=ADVANCED_FACE('',(#104),#1674,.F.);
#1758=ADVANCED_FACE('',(#105),#1675,.F.);
#1759=ADVANCED_FACE('',(#106),#1676,.F.);
#1760=ADVANCED_FACE('',(#107),#1677,.F.);
#1761=ADVANCED_FACE('',(#108),#1678,.F.);
#1762=ADVANCED_FACE('',(#109),#1679,.F.);
#1763=ADVANCED_FACE('',(#110),#1680,.F.);
#1764=ADVANCED_FACE('',(#111),#1681,.F.);
#1765=ADVANCED_FACE('',(#112),#1682,.F.);
#1766=ADVANCED_FACE('',(#113),#1683,.F.);
#1767=ADVANCED_FACE('',(#114),#1684,.F.);
#1768=ADVANCED_FACE('',(#115),#1685,.F.);
#1769=ADVANCED_FACE('',(#116),#1686,.F.);
#1770=ADVANCED_FACE('',(#117),#1687,.F.);
#1771=ADVANCED_FACE('',(#118),#1688,.F.);
#1772=ADVANCED_FACE('',(#119),#1689,.F.);
#1773=ADVANCED_FACE('',(#120),#1690,.F.);
#1774=ADVANCED_FACE('',(#121),#1691,.F.);
#1775=ADVANCED_FACE('',(#122),#1692,.F.);
#1776=ADVANCED_FACE('',(#123),#1693,.F.);
#1777=ADVANCED_FACE('',(#124),#1694,.F.);
#1778=ADVANCED_FACE('',(#125),#1695,.F.);
#1779=ADVANCED_FACE('',(#126),#1696,.F.);
#1780=ADVANCED_FACE('',(#127),#1697,.T.);
#1781=ADVANCED_FACE('',(#128,#33,#34,#35),#1698,.T.);
#1782=ADVANCED_FACE('',(#129),#1699,.T.);
#1783=ADVANCED_FACE('',(#130,#36,#37,#38,#39,#40,#41,#42,#43,#44,#45,#46,
#47,#48),#1700,.T.);
#1784=ADVANCED_FACE('',(#131,#49),#1701,.T.);
#1785=ADVANCED_FACE('',(#132),#1702,.F.);
#1786=CLOSED_SHELL('',(#1703,#1704,#1705,#1706,#1707,#1708,#1709,#1710,
#1711,#1712,#1713,#1714,#1715,#1716,#1717,#1718,#1719,#1720,#1721,#1722,
#1723,#1724,#1725,#1726,#1727,#1728,#1729,#1730,#1731,#1732,#1733,#1734,
#1735,#1736,#1737,#1738,#1739,#1740,#1741,#1742,#1743,#1744,#1745,#1746,
#1747,#1748,#1749,#1750,#1751,#1752,#1753,#1754,#1755,#1756,#1757,#1758,
#1759,#1760,#1761,#1762,#1763,#1764,#1765,#1766,#1767,#1768,#1769,#1770,
#1771,#1772,#1773,#1774,#1775,#1776,#1777,#1778,#1779,#1780,#1781,#1782,
#1783,#1784,#1785));
#1787=DERIVED_UNIT_ELEMENT(#1789,1.);
#1788=DERIVED_UNIT_ELEMENT(#2792,-3.);
#1789=(
MASS_UNIT()
NAMED_UNIT(*)
SI_UNIT(.KILO.,.GRAM.)
);
#1790=DERIVED_UNIT((#1787,#1788));
#1791=MEASURE_REPRESENTATION_ITEM('density measure',
POSITIVE_RATIO_MEASURE(7850.),#1790);
#1792=PROPERTY_DEFINITION_REPRESENTATION(#1797,#1794);
#1793=PROPERTY_DEFINITION_REPRESENTATION(#1798,#1795);
#1794=REPRESENTATION('material name',(#1796),#2789);
#1795=REPRESENTATION('density',(#1791),#2789);
#1796=DESCRIPTIVE_REPRESENTATION_ITEM('Acier','Acier');
#1797=PROPERTY_DEFINITION('material property','material name',#2799);
#1798=PROPERTY_DEFINITION('material property','density of part',#2799);
#1799=AXIS2_PLACEMENT_3D('',#2298,#1885,#1886);
#1800=AXIS2_PLACEMENT_3D('',#2299,#1887,#1888);
#1801=AXIS2_PLACEMENT_3D('',#2308,#1893,#1894);
#1802=AXIS2_PLACEMENT_3D('',#2314,#1898,#1899);
#1803=AXIS2_PLACEMENT_3D('',#2320,#1903,#1904);
#1804=AXIS2_PLACEMENT_3D('',#2347,#1918,#1919);
#1805=AXIS2_PLACEMENT_3D('',#2348,#1920,#1921);
#1806=AXIS2_PLACEMENT_3D('',#2357,#1926,#1927);
#1807=AXIS2_PLACEMENT_3D('',#2363,#1931,#1932);
#1808=AXIS2_PLACEMENT_3D('',#2367,#1935,#1936);
#1809=AXIS2_PLACEMENT_3D('',#2385,#1947,#1948);
#1810=AXIS2_PLACEMENT_3D('',#2391,#1952,#1953);
#1811=AXIS2_PLACEMENT_3D('',#2395,#1956,#1957);
#1812=AXIS2_PLACEMENT_3D('',#2399,#1960,#1961);
#1813=AXIS2_PLACEMENT_3D('',#2406,#1966,#1967);
#1814=AXIS2_PLACEMENT_3D('',#2410,#1970,#1971);
#1815=AXIS2_PLACEMENT_3D('',#2414,#1974,#1975);
#1816=AXIS2_PLACEMENT_3D('',#2416,#1977,#1978);
#1817=AXIS2_PLACEMENT_3D('',#2420,#1981,#1982);
#1818=AXIS2_PLACEMENT_3D('',#2424,#1985,#1986);
#1819=AXIS2_PLACEMENT_3D('',#2426,#1988,#1989);
#1820=AXIS2_PLACEMENT_3D('',#2427,#1990,#1991);
#1821=AXIS2_PLACEMENT_3D('',#2533,#2045,#2046);
#1822=AXIS2_PLACEMENT_3D('',#2539,#2050,#2051);
#1823=AXIS2_PLACEMENT_3D('',#2543,#2054,#2055);
#1824=AXIS2_PLACEMENT_3D('',#2547,#2058,#2059);
#1825=AXIS2_PLACEMENT_3D('',#2549,#2061,#2062);
#1826=AXIS2_PLACEMENT_3D('',#2551,#2063,#2064);
#1827=AXIS2_PLACEMENT_3D('',#2553,#2066,#2067);
#1828=AXIS2_PLACEMENT_3D('',#2559,#2071,#2072);
#1829=AXIS2_PLACEMENT_3D('',#2563,#2075,#2076);
#1830=AXIS2_PLACEMENT_3D('',#2567,#2079,#2080);
#1831=AXIS2_PLACEMENT_3D('',#2569,#2082,#2083);
#1832=AXIS2_PLACEMENT_3D('',#2575,#2087,#2088);
#1833=AXIS2_PLACEMENT_3D('',#2579,#2091,#2092);
#1834=AXIS2_PLACEMENT_3D('',#2583,#2095,#2096);
#1835=AXIS2_PLACEMENT_3D('',#2585,#2098,#2099);
#1836=AXIS2_PLACEMENT_3D('',#2591,#2103,#2104);
#1837=AXIS2_PLACEMENT_3D('',#2595,#2107,#2108);
#1838=AXIS2_PLACEMENT_3D('',#2599,#2111,#2112);
#1839=AXIS2_PLACEMENT_3D('',#2601,#2114,#2115);
#1840=AXIS2_PLACEMENT_3D('',#2607,#2119,#2120);
#1841=AXIS2_PLACEMENT_3D('',#2611,#2123,#2124);
#1842=AXIS2_PLACEMENT_3D('',#2615,#2127,#2128);
#1843=AXIS2_PLACEMENT_3D('',#2617,#2130,#2131);
#1844=AXIS2_PLACEMENT_3D('',#2623,#2135,#2136);
#1845=AXIS2_PLACEMENT_3D('',#2627,#2139,#2140);
#1846=AXIS2_PLACEMENT_3D('',#2631,#2143,#2144);
#1847=AXIS2_PLACEMENT_3D('',#2633,#2146,#2147);
#1848=AXIS2_PLACEMENT_3D('',#2639,#2151,#2152);
#1849=AXIS2_PLACEMENT_3D('',#2643,#2155,#2156);
#1850=AXIS2_PLACEMENT_3D('',#2647,#2159,#2160);
#1851=AXIS2_PLACEMENT_3D('',#2649,#2162,#2163);
#1852=AXIS2_PLACEMENT_3D('',#2655,#2167,#2168);
#1853=AXIS2_PLACEMENT_3D('',#2659,#2171,#2172);
#1854=AXIS2_PLACEMENT_3D('',#2663,#2175,#2176);
#1855=AXIS2_PLACEMENT_3D('',#2665,#2178,#2179);
#1856=AXIS2_PLACEMENT_3D('',#2671,#2183,#2184);
#1857=AXIS2_PLACEMENT_3D('',#2675,#2187,#2188);
#1858=AXIS2_PLACEMENT_3D('',#2679,#2191,#2192);
#1859=AXIS2_PLACEMENT_3D('',#2681,#2194,#2195);
#1860=AXIS2_PLACEMENT_3D('',#2687,#2199,#2200);
#1861=AXIS2_PLACEMENT_3D('',#2691,#2203,#2204);
#1862=AXIS2_PLACEMENT_3D('',#2695,#2207,#2208);
#1863=AXIS2_PLACEMENT_3D('',#2697,#2210,#2211);
#1864=AXIS2_PLACEMENT_3D('',#2703,#2215,#2216);
#1865=AXIS2_PLACEMENT_3D('',#2707,#2219,#2220);
#1866=AXIS2_PLACEMENT_3D('',#2711,#2223,#2224);
#1867=AXIS2_PLACEMENT_3D('',#2713,#2226,#2227);
#1868=AXIS2_PLACEMENT_3D('',#2719,#2231,#2232);
#1869=AXIS2_PLACEMENT_3D('',#2723,#2235,#2236);
#1870=AXIS2_PLACEMENT_3D('',#2727,#2239,#2240);
#1871=AXIS2_PLACEMENT_3D('',#2729,#2242,#2243);
#1872=AXIS2_PLACEMENT_3D('',#2735,#2247,#2248);
#1873=AXIS2_PLACEMENT_3D('',#2739,#2251,#2252);
#1874=AXIS2_PLACEMENT_3D('',#2743,#2255,#2256);
#1875=AXIS2_PLACEMENT_3D('',#2745,#2258,#2259);
#1876=AXIS2_PLACEMENT_3D('',#2751,#2263,#2264);
#1877=AXIS2_PLACEMENT_3D('',#2755,#2267,#2268);
#1878=AXIS2_PLACEMENT_3D('',#2759,#2271,#2272);
#1879=AXIS2_PLACEMENT_3D('',#2761,#2274,#2275);
#1880=AXIS2_PLACEMENT_3D('',#2770,#2280,#2281);
#1881=AXIS2_PLACEMENT_3D('',#2776,#2285,#2286);
#1882=AXIS2_PLACEMENT_3D('',#2782,#2290,#2291);
#1883=AXIS2_PLACEMENT_3D('',#2785,#2294,#2295);
#1884=AXIS2_PLACEMENT_3D('',#2786,#2296,#2297);
#1885=DIRECTION('axis',(0.,0.,1.));
#1886=DIRECTION('refdir',(1.,0.,0.));
#1887=DIRECTION('center_axis',(0.,0.,1.));
#1888=DIRECTION('ref_axis',(0.,1.,0.));
#1889=DIRECTION('',(0.,-1.,0.));
#1890=DIRECTION('',(-1.,0.,0.));
#1891=DIRECTION('',(0.,1.,0.));
#1892=DIRECTION('',(-1.,0.,0.));
#1893=DIRECTION('center_axis',(0.,-1.,0.));
#1894=DIRECTION('ref_axis',(0.,0.,1.));
#1895=DIRECTION('',(0.,0.,-1.));
#1896=DIRECTION('',(0.,0.,1.));
#1897=DIRECTION('',(-1.,0.,0.));
#1898=DIRECTION('center_axis',(0.,1.,0.));
#1899=DIRECTION('ref_axis',(0.,0.,-1.));
#1900=DIRECTION('',(0.,0.,1.));
#1901=DIRECTION('',(-1.,0.,0.));
#1902=DIRECTION('',(0.,0.,-1.));
#1903=DIRECTION('center_axis',(1.,0.,0.));
#1904=DIRECTION('ref_axis',(0.,1.,0.));
#1905=DIRECTION('',(0.,-1.,0.));
#1906=DIRECTION('',(0.,0.,1.));
#1907=DIRECTION('',(0.,-1.,0.));
#1908=DIRECTION('',(0.,0.,-1.));
#1909=DIRECTION('',(0.,-1.,0.));
#1910=DIRECTION('',(0.,0.,-1.));
#1911=DIRECTION('',(0.,-1.,0.));
#1912=DIRECTION('',(0.,0.,-1.));
#1913=DIRECTION('',(0.,-1.,0.));
#1914=DIRECTION('',(0.,0.,-1.));
#1915=DIRECTION('',(0.,1.,0.));
#1916=DIRECTION('',(0.,0.,1.));
#1917=DIRECTION('',(0.,-1.,0.));
#1918=DIRECTION('center_axis',(1.,0.,0.));
#1919=DIRECTION('ref_axis',(0.,1.,0.));
#1920=DIRECTION('center_axis',(1.,0.,0.));
#1921=DIRECTION('ref_axis',(0.,1.,0.));
#1922=DIRECTION('',(0.,-1.,0.));
#1923=DIRECTION('',(0.,0.,-1.));
#1924=DIRECTION('',(0.,1.,0.));
#1925=DIRECTION('',(0.,0.,1.));
#1926=DIRECTION('center_axis',(0.,-1.,0.));
#1927=DIRECTION('ref_axis',(1.,0.,0.));
#1928=DIRECTION('',(-1.,0.,0.));
#1929=DIRECTION('',(1.,0.,0.));
#1930=DIRECTION('',(0.,0.,1.));
#1931=DIRECTION('center_axis',(0.,0.,1.));
#1932=DIRECTION('ref_axis',(1.,0.,0.));
#1933=DIRECTION('',(1.,0.,0.));
#1934=DIRECTION('',(-1.48578643208519E-17,1.,0.));
#1935=DIRECTION('center_axis',(0.,0.,1.));
#1936=DIRECTION('ref_axis',(1.,0.,0.));
#1937=DIRECTION('',(-1.,0.,0.));
#1938=DIRECTION('',(0.,1.,0.));
#1939=DIRECTION('',(1.,0.,0.));
#1940=DIRECTION('',(-1.48578643208519E-17,1.,0.));
#1941=DIRECTION('',(1.,0.,0.));
#1942=DIRECTION('',(0.,-1.,0.));
#1943=DIRECTION('',(-1.,0.,0.));
#1944=DIRECTION('',(0.,1.,0.));
#1945=DIRECTION('',(1.,0.,0.));
#1946=DIRECTION('',(0.,-1.,0.));
#1947=DIRECTION('center_axis',(0.,1.,0.));
#1948=DIRECTION('ref_axis',(-1.,0.,0.));
#1949=DIRECTION('',(0.,0.,-1.));
#1950=DIRECTION('',(-1.,0.,0.));
#1951=DIRECTION('',(0.,0.,1.));
#1952=DIRECTION('center_axis',(1.,0.,0.));
#1953=DIRECTION('ref_axis',(0.,1.,0.));
#1954=DIRECTION('',(0.,1.,0.));
#1955=DIRECTION('',(0.,0.,1.));
#1956=DIRECTION('center_axis',(0.,0.,1.));
#1957=DIRECTION('ref_axis',(1.,0.,0.));
#1958=DIRECTION('',(-1.48578643208519E-17,1.,0.));
#1959=DIRECTION('',(-1.,0.,0.));
#1960=DIRECTION('center_axis',(0.,-1.,0.));
#1961=DIRECTION('ref_axis',(1.,0.,0.));
#1962=DIRECTION('',(0.,0.,-1.));
#1963=DIRECTION('',(-1.,0.,0.));
#1964=DIRECTION('',(-1.,0.,0.));
#1965=DIRECTION('',(0.,0.,-1.));
#1966=DIRECTION('center_axis',(0.,-1.,0.));
#1967=DIRECTION('ref_axis',(1.,0.,0.));
#1968=DIRECTION('',(1.,0.,0.));
#1969=DIRECTION('',(0.,0.,1.));
#1970=DIRECTION('center_axis',(-1.,0.,0.));
#1971=DIRECTION('ref_axis',(0.,-1.,0.));
#1972=DIRECTION('',(0.,-1.,0.));
#1973=DIRECTION('',(0.,0.,1.));
#1974=DIRECTION('center_axis',(0.,0.,1.));
#1975=DIRECTION('ref_axis',(1.,0.,0.));
#1976=DIRECTION('',(1.,0.,0.));
#1977=DIRECTION('center_axis',(0.,1.,0.));
#1978=DIRECTION('ref_axis',(-1.,0.,0.));
#1979=DIRECTION('',(1.,0.,0.));
#1980=DIRECTION('',(0.,0.,-1.));
#1981=DIRECTION('center_axis',(-1.,0.,0.));
#1982=DIRECTION('ref_axis',(0.,-1.,0.));
#1983=DIRECTION('',(0.,-1.,0.));
#1984=DIRECTION('',(0.,0.,1.));
#1985=DIRECTION('center_axis',(0.,1.,0.));
#1986=DIRECTION('ref_axis',(-1.,0.,0.));
#1987=DIRECTION('',(-1.,0.,0.));
#1988=DIRECTION('center_axis',(0.,0.,1.));
#1989=DIRECTION('ref_axis',(1.,0.,0.));
#1990=DIRECTION('center_axis',(-1.,-1.48578643208519E-17,0.));
#1991=DIRECTION('ref_axis',(1.48578643208519E-17,-1.,0.));
#1992=DIRECTION('',(0.,1.,0.));
#1993=DIRECTION('',(0.,0.,-1.));
#1994=DIRECTION('',(1.48578643208519E-17,-1.,0.));
#1995=DIRECTION('',(0.,0.,1.));
#1996=DIRECTION('',(-1.48578643208519E-17,1.,0.));
#1997=DIRECTION('',(0.,0.,1.));
#1998=DIRECTION('',(-1.48578643208519E-17,1.,0.));
#1999=DIRECTION('',(0.,0.,-1.));
#2000=DIRECTION('',(1.48578643208519E-17,-1.,0.));
#2001=DIRECTION('',(0.,0.,-1.));
#2002=DIRECTION('',(1.48578643208519E-17,-1.,0.));
#2003=DIRECTION('',(0.,0.,1.));
#2004=DIRECTION('',(-1.48578643208519E-17,1.,0.));
#2005=DIRECTION('',(0.,0.,1.));
#2006=DIRECTION('',(-1.48578643208519E-17,1.,0.));
#2007=DIRECTION('',(0.,0.,-1.));
#2008=DIRECTION('',(1.48578643208519E-17,-1.,0.));
#2009=DIRECTION('',(0.,0.,-1.));
#2010=DIRECTION('',(1.48578643208519E-17,-1.,0.));
#2011=DIRECTION('',(0.,0.,1.));
#2012=DIRECTION('',(-1.48578643208519E-17,1.,0.));
#2013=DIRECTION('',(0.,0.,1.));
#2014=DIRECTION('',(-1.48578643208519E-17,1.,0.));
#2015=DIRECTION('',(0.,0.,-1.));
#2016=DIRECTION('',(1.48578643208519E-17,-1.,0.));
#2017=DIRECTION('',(0.,0.,-1.));
#2018=DIRECTION('',(1.48578643208519E-17,-1.,0.));
#2019=DIRECTION('',(0.,0.,1.));
#2020=DIRECTION('',(-1.48578643208519E-17,1.,0.));
#2021=DIRECTION('',(0.,0.,1.));
#2022=DIRECTION('',(-1.48578643208519E-17,1.,0.));
#2023=DIRECTION('',(0.,0.,-1.));
#2024=DIRECTION('',(1.48578643208519E-17,-1.,0.));
#2025=DIRECTION('',(0.,0.,-1.));
#2026=DIRECTION('',(1.48578643208519E-17,-1.,0.));
#2027=DIRECTION('',(0.,0.,1.));
#2028=DIRECTION('',(-1.48578643208519E-17,1.,0.));
#2029=DIRECTION('',(0.,0.,1.));
#2030=DIRECTION('',(-1.48578643208519E-17,1.,0.));
#2031=DIRECTION('',(0.,0.,-1.));
#2032=DIRECTION('',(1.48578643208519E-17,-1.,0.));
#2033=DIRECTION('',(0.,0.,1.));
#2034=DIRECTION('',(-1.48578643208519E-17,1.,0.));
#2035=DIRECTION('',(0.,0.,-1.));
#2036=DIRECTION('',(1.48578643208519E-17,-1.,0.));
#2037=DIRECTION('',(0.,0.,-1.));
#2038=DIRECTION('',(1.48578643208519E-17,-1.,0.));
#2039=DIRECTION('',(0.,0.,1.));
#2040=DIRECTION('',(-1.48578643208519E-17,1.,0.));
#2041=DIRECTION('',(0.,0.,1.));
#2042=DIRECTION('',(-1.48578643208519E-17,1.,0.));
#2043=DIRECTION('',(0.,0.,-1.));
#2044=DIRECTION('',(1.48578643208519E-17,-1.,0.));
#2045=DIRECTION('center_axis',(0.,-1.,0.));
#2046=DIRECTION('ref_axis',(0.,0.,1.));
#2047=DIRECTION('',(-1.,0.,0.));
#2048=DIRECTION('',(0.,0.,1.));
#2049=DIRECTION('',(-1.,0.,0.));
#2050=DIRECTION('center_axis',(0.,0.,-1.));
#2051=DIRECTION('ref_axis',(0.,-1.,0.));
#2052=DIRECTION('',(0.,-1.,0.));
#2053=DIRECTION('',(-1.,0.,0.));
#2054=DIRECTION('center_axis',(0.,1.,0.));
#2055=DIRECTION('ref_axis',(0.,0.,-1.));
#2056=DIRECTION('',(0.,0.,-1.));
#2057=DIRECTION('',(-1.,0.,0.));
#2058=DIRECTION('center_axis',(0.,0.,1.));
#2059=DIRECTION('ref_axis',(0.,1.,0.));
#2060=DIRECTION('',(0.,1.,0.));
#2061=DIRECTION('center_axis',(-1.,0.,0.));
#2062=DIRECTION('ref_axis',(0.,1.,0.));
#2063=DIRECTION('center_axis',(-1.,0.,0.));
#2064=DIRECTION('ref_axis',(0.,1.,0.));
#2065=DIRECTION('',(-1.,0.,0.));
#2066=DIRECTION('center_axis',(0.,-1.,0.));
#2067=DIRECTION('ref_axis',(0.,0.,-1.));
#2068=DIRECTION('',(0.,0.,-1.));
#2069=DIRECTION('',(1.,0.,0.));
#2070=DIRECTION('',(1.,0.,0.));
#2071=DIRECTION('center_axis',(0.,0.,1.));
#2072=DIRECTION('ref_axis',(0.,-1.,0.));
#2073=DIRECTION('',(1.48578643208519E-17,-1.,0.));
#2074=DIRECTION('',(1.,0.,0.));
#2075=DIRECTION('center_axis',(0.,1.,0.));
#2076=DIRECTION('ref_axis',(0.,0.,1.));
#2077=DIRECTION('',(0.,0.,1.));
#2078=DIRECTION('',(1.,0.,0.));
#2079=DIRECTION('center_axis',(0.,0.,-1.));
#2080=DIRECTION('ref_axis',(0.,1.,0.));
#2081=DIRECTION('',(-1.48578643208519E-17,1.,0.));
#2082=DIRECTION('center_axis',(0.,-1.,0.));
#2083=DIRECTION('ref_axis',(0.,0.,-1.));
#2084=DIRECTION('',(0.,0.,-1.));
#2085=DIRECTION('',(1.,0.,0.));
#2086=DIRECTION('',(1.,0.,0.));
#2087=DIRECTION('center_axis',(0.,0.,1.));
#2088=DIRECTION('ref_axis',(0.,-1.,0.));
#2089=DIRECTION('',(1.48578643208519E-17,-1.,0.));
#2090=DIRECTION('',(1.,0.,0.));
#2091=DIRECTION('center_axis',(0.,1.,0.));
#2092=DIRECTION('ref_axis',(0.,0.,1.));
#2093=DIRECTION('',(0.,0.,1.));
#2094=DIRECTION('',(1.,0.,0.));
#2095=DIRECTION('center_axis',(0.,0.,-1.));
#2096=DIRECTION('ref_axis',(0.,1.,0.));
#2097=DIRECTION('',(-1.48578643208519E-17,1.,0.));
#2098=DIRECTION('center_axis',(0.,-1.,0.));
#2099=DIRECTION('ref_axis',(0.,0.,-1.));
#2100=DIRECTION('',(0.,0.,-1.));
#2101=DIRECTION('',(1.,0.,0.));
#2102=DIRECTION('',(1.,0.,0.));
#2103=DIRECTION('center_axis',(0.,0.,1.));
#2104=DIRECTION('ref_axis',(0.,-1.,0.));
#2105=DIRECTION('',(1.48578643208519E-17,-1.,0.));
#2106=DIRECTION('',(1.,0.,0.));
#2107=DIRECTION('center_axis',(0.,1.,0.));
#2108=DIRECTION('ref_axis',(0.,0.,1.));
#2109=DIRECTION('',(0.,0.,1.));
#2110=DIRECTION('',(1.,0.,0.));
#2111=DIRECTION('center_axis',(0.,0.,-1.));
#2112=DIRECTION('ref_axis',(0.,1.,0.));
#2113=DIRECTION('',(-1.48578643208519E-17,1.,0.));
#2114=DIRECTION('center_axis',(0.,-1.,0.));
#2115=DIRECTION('ref_axis',(0.,0.,-1.));
#2116=DIRECTION('',(0.,0.,-1.));
#2117=DIRECTION('',(1.,0.,0.));
#2118=DIRECTION('',(1.,0.,0.));
#2119=DIRECTION('center_axis',(0.,0.,1.));
#2120=DIRECTION('ref_axis',(0.,-1.,0.));
#2121=DIRECTION('',(1.48578643208519E-17,-1.,0.));
#2122=DIRECTION('',(1.,0.,0.));
#2123=DIRECTION('center_axis',(0.,1.,0.));
#2124=DIRECTION('ref_axis',(0.,0.,1.));
#2125=DIRECTION('',(0.,0.,1.));
#2126=DIRECTION('',(1.,0.,0.));
#2127=DIRECTION('center_axis',(0.,0.,-1.));
#2128=DIRECTION('ref_axis',(0.,1.,0.));
#2129=DIRECTION('',(-1.48578643208519E-17,1.,0.));
#2130=DIRECTION('center_axis',(0.,-1.,0.));
#2131=DIRECTION('ref_axis',(0.,0.,-1.));
#2132=DIRECTION('',(0.,0.,-1.));
#2133=DIRECTION('',(1.,0.,0.));
#2134=DIRECTION('',(1.,0.,0.));
#2135=DIRECTION('center_axis',(0.,0.,1.));
#2136=DIRECTION('ref_axis',(0.,-1.,0.));
#2137=DIRECTION('',(1.48578643208519E-17,-1.,0.));
#2138=DIRECTION('',(1.,0.,0.));
#2139=DIRECTION('center_axis',(0.,1.,0.));
#2140=DIRECTION('ref_axis',(0.,0.,1.));
#2141=DIRECTION('',(0.,0.,1.));
#2142=DIRECTION('',(1.,0.,0.));
#2143=DIRECTION('center_axis',(0.,0.,-1.));
#2144=DIRECTION('ref_axis',(0.,1.,0.));
#2145=DIRECTION('',(-1.48578643208519E-17,1.,0.));
#2146=DIRECTION('center_axis',(0.,-1.,0.));
#2147=DIRECTION('ref_axis',(0.,0.,-1.));
#2148=DIRECTION('',(0.,0.,-1.));
#2149=DIRECTION('',(1.,0.,0.));
#2150=DIRECTION('',(1.,0.,0.));
#2151=DIRECTION('center_axis',(0.,0.,1.));
#2152=DIRECTION('ref_axis',(0.,-1.,0.));
#2153=DIRECTION('',(1.48578643208519E-17,-1.,0.));
#2154=DIRECTION('',(1.,0.,0.));
#2155=DIRECTION('center_axis',(0.,1.,0.));
#2156=DIRECTION('ref_axis',(0.,0.,1.));
#2157=DIRECTION('',(0.,0.,1.));
#2158=DIRECTION('',(1.,0.,0.));
#2159=DIRECTION('center_axis',(0.,0.,-1.));
#2160=DIRECTION('ref_axis',(0.,1.,0.));
#2161=DIRECTION('',(-1.48578643208519E-17,1.,0.));
#2162=DIRECTION('center_axis',(0.,-1.,0.));
#2163=DIRECTION('ref_axis',(0.,0.,-1.));
#2164=DIRECTION('',(0.,0.,-1.));
#2165=DIRECTION('',(1.,0.,0.));
#2166=DIRECTION('',(1.,0.,0.));
#2167=DIRECTION('center_axis',(0.,0.,1.));
#2168=DIRECTION('ref_axis',(0.,-1.,0.));
#2169=DIRECTION('',(1.48578643208519E-17,-1.,0.));
#2170=DIRECTION('',(1.,0.,0.));
#2171=DIRECTION('center_axis',(0.,1.,0.));
#2172=DIRECTION('ref_axis',(0.,0.,1.));
#2173=DIRECTION('',(0.,0.,1.));
#2174=DIRECTION('',(1.,0.,0.));
#2175=DIRECTION('center_axis',(0.,0.,-1.));
#2176=DIRECTION('ref_axis',(0.,1.,0.));
#2177=DIRECTION('',(-1.48578643208519E-17,1.,0.));
#2178=DIRECTION('center_axis',(0.,-1.,0.));
#2179=DIRECTION('ref_axis',(0.,0.,-1.));
#2180=DIRECTION('',(0.,0.,-1.));
#2181=DIRECTION('',(1.,0.,0.));
#2182=DIRECTION('',(1.,0.,0.));
#2183=DIRECTION('center_axis',(0.,0.,1.));
#2184=DIRECTION('ref_axis',(0.,-1.,0.));
#2185=DIRECTION('',(1.48578643208519E-17,-1.,0.));
#2186=DIRECTION('',(1.,0.,0.));
#2187=DIRECTION('center_axis',(0.,1.,0.));
#2188=DIRECTION('ref_axis',(0.,0.,1.));
#2189=DIRECTION('',(0.,0.,1.));
#2190=DIRECTION('',(1.,0.,0.));
#2191=DIRECTION('center_axis',(0.,0.,-1.));
#2192=DIRECTION('ref_axis',(0.,1.,0.));
#2193=DIRECTION('',(-1.48578643208519E-17,1.,0.));
#2194=DIRECTION('center_axis',(0.,-1.,0.));
#2195=DIRECTION('ref_axis',(0.,0.,-1.));
#2196=DIRECTION('',(0.,0.,-1.));
#2197=DIRECTION('',(1.,0.,0.));
#2198=DIRECTION('',(1.,0.,0.));
#2199=DIRECTION('center_axis',(0.,0.,1.));
#2200=DIRECTION('ref_axis',(0.,-1.,0.));
#2201=DIRECTION('',(1.48578643208519E-17,-1.,0.));
#2202=DIRECTION('',(1.,0.,0.));
#2203=DIRECTION('center_axis',(0.,1.,0.));
#2204=DIRECTION('ref_axis',(0.,0.,1.));
#2205=DIRECTION('',(0.,0.,1.));
#2206=DIRECTION('',(1.,0.,0.));
#2207=DIRECTION('center_axis',(0.,0.,-1.));
#2208=DIRECTION('ref_axis',(0.,1.,0.));
#2209=DIRECTION('',(-1.48578643208519E-17,1.,0.));
#2210=DIRECTION('center_axis',(0.,-1.,0.));
#2211=DIRECTION('ref_axis',(0.,0.,-1.));
#2212=DIRECTION('',(0.,0.,-1.));
#2213=DIRECTION('',(1.,0.,0.));
#2214=DIRECTION('',(1.,0.,0.));
#2215=DIRECTION('center_axis',(0.,0.,1.));
#2216=DIRECTION('ref_axis',(0.,-1.,0.));
#2217=DIRECTION('',(1.48578643208519E-17,-1.,0.));
#2218=DIRECTION('',(1.,0.,0.));
#2219=DIRECTION('center_axis',(0.,1.,0.));
#2220=DIRECTION('ref_axis',(0.,0.,1.));
#2221=DIRECTION('',(0.,0.,1.));
#2222=DIRECTION('',(1.,0.,0.));
#2223=DIRECTION('center_axis',(0.,0.,-1.));
#2224=DIRECTION('ref_axis',(0.,1.,0.));
#2225=DIRECTION('',(-1.48578643208519E-17,1.,0.));
#2226=DIRECTION('center_axis',(0.,-1.,0.));
#2227=DIRECTION('ref_axis',(0.,0.,-1.));
#2228=DIRECTION('',(0.,0.,-1.));
#2229=DIRECTION('',(1.,0.,0.));
#2230=DIRECTION('',(1.,0.,0.));
#2231=DIRECTION('center_axis',(0.,0.,1.));
#2232=DIRECTION('ref_axis',(0.,-1.,0.));
#2233=DIRECTION('',(1.48578643208519E-17,-1.,0.));
#2234=DIRECTION('',(1.,0.,0.));
#2235=DIRECTION('center_axis',(0.,1.,0.));
#2236=DIRECTION('ref_axis',(0.,0.,1.));
#2237=DIRECTION('',(0.,0.,1.));
#2238=DIRECTION('',(1.,0.,0.));
#2239=DIRECTION('center_axis',(0.,0.,-1.));
#2240=DIRECTION('ref_axis',(0.,1.,0.));
#2241=DIRECTION('',(-1.48578643208519E-17,1.,0.));
#2242=DIRECTION('center_axis',(0.,-1.,0.));
#2243=DIRECTION('ref_axis',(0.,0.,-1.));
#2244=DIRECTION('',(0.,0.,-1.));
#2245=DIRECTION('',(1.,0.,0.));
#2246=DIRECTION('',(1.,0.,0.));
#2247=DIRECTION('center_axis',(0.,0.,1.));
#2248=DIRECTION('ref_axis',(0.,-1.,0.));
#2249=DIRECTION('',(1.48578643208519E-17,-1.,0.));
#2250=DIRECTION('',(1.,0.,0.));
#2251=DIRECTION('center_axis',(0.,1.,0.));
#2252=DIRECTION('ref_axis',(0.,0.,1.));
#2253=DIRECTION('',(0.,0.,1.));
#2254=DIRECTION('',(1.,0.,0.));
#2255=DIRECTION('center_axis',(0.,0.,-1.));
#2256=DIRECTION('ref_axis',(0.,1.,0.));
#2257=DIRECTION('',(-1.48578643208519E-17,1.,0.));
#2258=DIRECTION('center_axis',(0.,-1.,0.));
#2259=DIRECTION('ref_axis',(0.,0.,-1.));
#2260=DIRECTION('',(0.,0.,-1.));
#2261=DIRECTION('',(1.,0.,0.));
#2262=DIRECTION('',(1.,0.,0.));
#2263=DIRECTION('center_axis',(0.,0.,1.));
#2264=DIRECTION('ref_axis',(0.,-1.,0.));
#2265=DIRECTION('',(1.48578643208519E-17,-1.,0.));
#2266=DIRECTION('',(1.,0.,0.));
#2267=DIRECTION('center_axis',(0.,1.,0.));
#2268=DIRECTION('ref_axis',(0.,0.,1.));
#2269=DIRECTION('',(0.,0.,1.));
#2270=DIRECTION('',(1.,0.,0.));
#2271=DIRECTION('center_axis',(0.,0.,-1.));
#2272=DIRECTION('ref_axis',(0.,1.,0.));
#2273=DIRECTION('',(-1.48578643208519E-17,1.,0.));
#2274=DIRECTION('center_axis',(0.,1.,0.));
#2275=DIRECTION('ref_axis',(-1.,0.,0.));
#2276=DIRECTION('',(-1.,0.,0.));
#2277=DIRECTION('',(0.,0.,1.));
#2278=DIRECTION('',(-1.,0.,0.));
#2279=DIRECTION('',(0.,0.,1.));
#2280=DIRECTION('center_axis',(1.,0.,0.));
#2281=DIRECTION('ref_axis',(0.,1.,0.));
#2282=DIRECTION('',(0.,1.,0.));
#2283=DIRECTION('',(0.,1.,0.));
#2284=DIRECTION('',(0.,0.,1.));
#2285=DIRECTION('center_axis',(0.,-1.,0.));
#2286=DIRECTION('ref_axis',(1.,0.,0.));
#2287=DIRECTION('',(1.,0.,0.));
#2288=DIRECTION('',(1.,0.,0.));
#2289=DIRECTION('',(0.,0.,1.));
#2290=DIRECTION('center_axis',(-1.,-1.48578643208519E-17,0.));
#2291=DIRECTION('ref_axis',(1.48578643208519E-17,-1.,0.));
#2292=DIRECTION('',(1.48578643208519E-17,-1.,0.));
#2293=DIRECTION('',(1.48578643208519E-17,-1.,0.));
#2294=DIRECTION('center_axis',(0.,0.,1.));
#2295=DIRECTION('ref_axis',(1.,0.,0.));
#2296=DIRECTION('center_axis',(0.,0.,1.));
#2297=DIRECTION('ref_axis',(1.,0.,0.));
#2298=CARTESIAN_POINT('',(0.,0.,0.));
#2299=CARTESIAN_POINT('Origin',(250.,205.,45.));
#2300=CARTESIAN_POINT('',(245.,245.,45.));
#2301=CARTESIAN_POINT('',(245.,205.,45.));
#2302=CARTESIAN_POINT('',(245.,102.5,45.));
#2303=CARTESIAN_POINT('',(250.,245.,45.));
#2304=CARTESIAN_POINT('',(250.,245.,45.));
#2305=CARTESIAN_POINT('',(250.,205.,45.));
#2306=CARTESIAN_POINT('',(250.,102.5,45.));
#2307=CARTESIAN_POINT('',(250.,205.,45.));
#2308=CARTESIAN_POINT('Origin',(250.,205.,5.));
#2309=CARTESIAN_POINT('',(245.,205.,5.));
#2310=CARTESIAN_POINT('',(245.,205.,2.5));
#2311=CARTESIAN_POINT('',(250.,205.,5.));
#2312=CARTESIAN_POINT('',(250.,205.,2.5));
#2313=CARTESIAN_POINT('',(250.,205.,5.));
#2314=CARTESIAN_POINT('Origin',(250.,245.,45.));
#2315=CARTESIAN_POINT('',(245.,245.,5.));
#2316=CARTESIAN_POINT('',(245.,245.,22.5));
#2317=CARTESIAN_POINT('',(250.,245.,5.));
#2318=CARTESIAN_POINT('',(250.,245.,5.));
#2319=CARTESIAN_POINT('',(250.,245.,22.5));
#2320=CARTESIAN_POINT('Origin',(245.,0.,0.));
#2321=CARTESIAN_POINT('',(245.,15.0000002235174,5.));
#2322=CARTESIAN_POINT('',(245.,112.5,5.));
#2323=CARTESIAN_POINT('',(245.,15.0000002235174,45.));
#2324=CARTESIAN_POINT('',(245.,15.0000002235174,2.5));
#2325=CARTESIAN_POINT('',(245.,5.,45.));
#2326=CARTESIAN_POINT('',(245.,5.00000005587935,45.));
#2327=CARTESIAN_POINT('',(245.000003650784,5.00000007450581,50.));
#2328=CARTESIAN_POINT('',(245.000003650784,5.00000007450581,50.));
#2329=CARTESIAN_POINT('',(245.000003650784,445.000006631017,50.));
#2330=CARTESIAN_POINT('',(245.000003650784,335.000003315508,50.));
#2331=CARTESIAN_POINT('',(245.,445.,45.));
#2332=CARTESIAN_POINT('',(245.000003650784,445.000006631017,50.));
#2333=CARTESIAN_POINT('',(245.,435.000006482005,45.));
#2334=CARTESIAN_POINT('',(245.,220.000001620501,45.));
#2335=CARTESIAN_POINT('',(245.,435.000006482005,5.));
#2336=CARTESIAN_POINT('',(245.,435.000006482005,2.5));
#2337=CARTESIAN_POINT('',(245.,112.5,5.));
#2338=CARTESIAN_POINT('',(245.,40.,40.5));
#2339=CARTESIAN_POINT('',(245.,40.,9.5));
#2340=CARTESIAN_POINT('',(245.,40.,4.75));
#2341=CARTESIAN_POINT('',(245.,66.,9.5));
#2342=CARTESIAN_POINT('',(245.,33.,9.5));
#2343=CARTESIAN_POINT('',(245.,66.,40.5));
#2344=CARTESIAN_POINT('',(245.,66.,20.25));
#2345=CARTESIAN_POINT('',(245.,20.,40.5));
#2346=CARTESIAN_POINT('',(245.,397.25,25.));
#2347=CARTESIAN_POINT('Origin',(245.,400.,25.));
#2348=CARTESIAN_POINT('Origin',(15.0000002235174,435.000006482005,5.));
#2349=CARTESIAN_POINT('',(15.0000002235174,445.,5.));
#2350=CARTESIAN_POINT('',(15.0000002235174,435.000006482005,5.));
#2351=CARTESIAN_POINT('',(15.0000002235174,330.000003241003,5.));
#2352=CARTESIAN_POINT('',(15.0000002235174,445.,45.));
#2353=CARTESIAN_POINT('',(15.0000002235174,445.,2.5));
#2354=CARTESIAN_POINT('',(15.0000002235174,435.000006482005,45.));
#2355=CARTESIAN_POINT('',(15.0000002235174,445.,45.));
#2356=CARTESIAN_POINT('',(15.0000002235174,435.000006482005,5.));
#2357=CARTESIAN_POINT('Origin',(5.,435.000006482005,5.));
#2358=CARTESIAN_POINT('',(5.,435.000006482005,5.));
#2359=CARTESIAN_POINT('',(65.,435.000006482005,5.));
#2360=CARTESIAN_POINT('',(5.,435.000006482005,45.));
#2361=CARTESIAN_POINT('',(15.0000002235174,435.000006482005,45.));
#2362=CARTESIAN_POINT('',(4.99999999999999,435.000006482005,2.5));
#2363=CARTESIAN_POINT('Origin',(10.0000001117587,440.000003241003,45.));
#2364=CARTESIAN_POINT('',(5.,445.,45.));
#2365=CARTESIAN_POINT('',(130.000000055879,445.,45.));
#2366=CARTESIAN_POINT('',(4.99999999999999,445.000001620501,45.));
#2367=CARTESIAN_POINT('Origin',(125.,225.,5.));
#2368=CARTESIAN_POINT('',(235.000003501773,435.000006482005,5.));
#2369=CARTESIAN_POINT('',(180.000001750886,435.000006482005,5.));
#2370=CARTESIAN_POINT('',(235.000003501773,445.,5.));
#2371=CARTESIAN_POINT('',(235.000003501773,335.,5.));
#2372=CARTESIAN_POINT('',(187.5,445.,5.));
#2373=CARTESIAN_POINT('',(5.,15.0000002235174,5.));
#2374=CARTESIAN_POINT('',(5.,337.5,5.));
#2375=CARTESIAN_POINT('',(15.0000002235174,15.0000002235174,5.));
#2376=CARTESIAN_POINT('',(70.0000001117587,15.0000002235174,5.));
#2377=CARTESIAN_POINT('',(15.0000002235174,5.,5.));
#2378=CARTESIAN_POINT('',(15.0000002235174,115.,5.));
#2379=CARTESIAN_POINT('',(235.000003501773,5.,5.));
#2380=CARTESIAN_POINT('',(62.5,5.,5.));
#2381=CARTESIAN_POINT('',(235.000003501773,15.0000002235174,5.));
#2382=CARTESIAN_POINT('',(235.000003501773,120.000000111759,5.));
#2383=CARTESIAN_POINT('',(185.,15.0000002235174,5.));
#2384=CARTESIAN_POINT('',(250.,122.5,5.));
#2385=CARTESIAN_POINT('Origin',(15.0000002235174,15.0000002235174,5.));
#2386=CARTESIAN_POINT('',(5.,15.0000002235174,45.));
#2387=CARTESIAN_POINT('',(5.,15.0000002235174,2.5));
#2388=CARTESIAN_POINT('',(15.0000002235174,15.0000002235174,45.));
#2389=CARTESIAN_POINT('',(15.0000002235174,15.0000002235174,45.));
#2390=CARTESIAN_POINT('',(15.0000002235174,15.0000002235174,5.));
#2391=CARTESIAN_POINT('Origin',(15.0000002235174,5.,5.));
#2392=CARTESIAN_POINT('',(15.0000002235174,5.,45.));
#2393=CARTESIAN_POINT('',(15.0000002235174,5.,45.));
#2394=CARTESIAN_POINT('',(15.0000002235174,5.,2.5));
#2395=CARTESIAN_POINT('Origin',(10.0000001117587,10.0000001117587,45.));
#2396=CARTESIAN_POINT('',(5.,5.,45.));
#2397=CARTESIAN_POINT('',(5.,230.000000055879,45.));
#2398=CARTESIAN_POINT('',(5.00000005587935,5.,45.));
#2399=CARTESIAN_POINT('Origin',(0.,5.,0.));
#2400=CARTESIAN_POINT('',(5.00000007450581,5.00000007450581,50.));
#2401=CARTESIAN_POINT('',(5.,5.,0.));
#2402=CARTESIAN_POINT('',(185.000001825392,5.00000007450581,50.));
#2403=CARTESIAN_POINT('',(235.000003501773,5.,45.));
#2404=CARTESIAN_POINT('',(120.000000875443,5.,45.));
#2405=CARTESIAN_POINT('',(235.000003501773,5.,2.5));
#2406=CARTESIAN_POINT('Origin',(235.000003501773,435.000006482005,5.));
#2407=CARTESIAN_POINT('',(235.000003501773,435.000006482005,45.));
#2408=CARTESIAN_POINT('',(235.000003501773,435.000006482005,45.));
#2409=CARTESIAN_POINT('',(235.000003501773,435.000006482005,5.));
#2410=CARTESIAN_POINT('Origin',(235.000003501773,445.,5.));
#2411=CARTESIAN_POINT('',(235.000003501773,445.,45.));
#2412=CARTESIAN_POINT('',(235.000003501773,445.,45.));
#2413=CARTESIAN_POINT('',(235.000003501773,445.,2.5));
#2414=CARTESIAN_POINT('Origin',(240.000001750886,440.000003241003,45.));
#2415=CARTESIAN_POINT('',(245.000000875443,445.,45.));
#2416=CARTESIAN_POINT('Origin',(250.,445.,0.));
#2417=CARTESIAN_POINT('',(5.00000007450581,445.000006631017,50.));
#2418=CARTESIAN_POINT('',(65.0000000372529,445.000006631017,50.));
#2419=CARTESIAN_POINT('',(5.00000007450581,445.000006631017,50.));
#2420=CARTESIAN_POINT('Origin',(235.000003501773,15.0000002235174,5.));
#2421=CARTESIAN_POINT('',(235.000003501773,15.0000002235174,45.));
#2422=CARTESIAN_POINT('',(235.000003501773,5.,45.));
#2423=CARTESIAN_POINT('',(235.000003501773,15.0000002235174,5.));
#2424=CARTESIAN_POINT('Origin',(245.,15.0000002235174,5.));
#2425=CARTESIAN_POINT('',(235.000003501773,15.0000002235174,45.));
#2426=CARTESIAN_POINT('Origin',(240.000001750886,10.0000001117587,45.));
#2427=CARTESIAN_POINT('Origin',(4.99999999999999,450.,0.));
#2428=CARTESIAN_POINT('',(5.00000007450581,115.000000037253,50.));
#2429=CARTESIAN_POINT('',(5.00000000000002,176.333333333333,40.5));
#2430=CARTESIAN_POINT('',(5.00000000000002,176.333333333333,9.5));
#2431=CARTESIAN_POINT('',(5.,176.333333333333,4.75));
#2432=CARTESIAN_POINT('',(5.00000000000002,150.333333333333,9.5));
#2433=CARTESIAN_POINT('',(5.,300.166666666667,9.5));
#2434=CARTESIAN_POINT('',(5.00000000000002,150.333333333333,40.5));
#2435=CARTESIAN_POINT('',(5.,150.333333333333,20.25));
#2436=CARTESIAN_POINT('',(5.,313.166666666667,40.5));
#2437=CARTESIAN_POINT('',(5.00000000000002,181.166666666667,9.5));
#2438=CARTESIAN_POINT('',(5.00000000000002,181.166666666667,40.5));
#2439=CARTESIAN_POINT('',(5.,181.166666666667,20.25));
#2440=CARTESIAN_POINT('',(5.00000000000002,207.166666666667,40.5));
#2441=CARTESIAN_POINT('',(4.99999999999999,328.583333333333,40.5));
#2442=CARTESIAN_POINT('',(5.00000000000002,207.166666666667,9.5));
#2443=CARTESIAN_POINT('',(5.,207.166666666667,4.75));
#2444=CARTESIAN_POINT('',(5.,315.583333333333,9.5));
#2445=CARTESIAN_POINT('',(5.00000000000002,145.5,40.5));
#2446=CARTESIAN_POINT('',(5.00000000000002,145.5,9.5));
#2447=CARTESIAN_POINT('',(5.,145.5,4.75));
#2448=CARTESIAN_POINT('',(5.00000000000002,119.5,9.5));
#2449=CARTESIAN_POINT('',(5.,284.75,9.5));
#2450=CARTESIAN_POINT('',(5.00000000000002,119.5,40.5));
#2451=CARTESIAN_POINT('',(5.,119.5,20.25));
#2452=CARTESIAN_POINT('',(5.,297.75,40.5));
#2453=CARTESIAN_POINT('',(5.00000000000001,212.,9.5));
#2454=CARTESIAN_POINT('',(5.00000000000001,212.,40.5));
#2455=CARTESIAN_POINT('',(5.,212.,20.25));
#2456=CARTESIAN_POINT('',(5.00000000000001,238.,40.5));
#2457=CARTESIAN_POINT('',(4.99999999999999,344.,40.5));
#2458=CARTESIAN_POINT('',(5.00000000000001,238.,9.5));
#2459=CARTESIAN_POINT('',(5.,238.,4.75));
#2460=CARTESIAN_POINT('',(4.99999999999999,331.,9.5));
#2461=CARTESIAN_POINT('',(5.00000000000003,114.666666666667,40.5));
#2462=CARTESIAN_POINT('',(5.00000000000003,114.666666666667,9.5));
#2463=CARTESIAN_POINT('',(5.,114.666666666667,4.75));
#2464=CARTESIAN_POINT('',(5.00000000000003,88.6666666666667,9.5));
#2465=CARTESIAN_POINT('',(5.,269.333333333333,9.5));
#2466=CARTESIAN_POINT('',(5.00000000000003,88.6666666666667,40.5));
#2467=CARTESIAN_POINT('',(5.,88.6666666666667,20.25));
#2468=CARTESIAN_POINT('',(5.,282.333333333333,40.5));
#2469=CARTESIAN_POINT('',(5.00000000000001,242.833333333333,9.5));
#2470=CARTESIAN_POINT('',(5.00000000000001,242.833333333333,40.5));
#2471=CARTESIAN_POINT('',(5.,242.833333333333,20.25));
#2472=CARTESIAN_POINT('',(5.00000000000001,268.833333333333,40.5));
#2473=CARTESIAN_POINT('',(4.99999999999999,359.416666666667,40.5));
#2474=CARTESIAN_POINT('',(5.00000000000001,268.833333333333,9.5));
#2475=CARTESIAN_POINT('',(5.,268.833333333333,4.75));
#2476=CARTESIAN_POINT('',(4.99999999999999,346.416666666667,9.5));
#2477=CARTESIAN_POINT('',(5.00000000000003,83.8333333333333,40.5));
#2478=CARTESIAN_POINT('',(5.00000000000003,83.8333333333333,9.5));
#2479=CARTESIAN_POINT('',(5.,83.8333333333333,4.75));
#2480=CARTESIAN_POINT('',(5.00000000000003,57.8333333333334,9.5));
#2481=CARTESIAN_POINT('',(5.,253.916666666667,9.5));
#2482=CARTESIAN_POINT('',(5.00000000000003,57.8333333333334,40.5));
#2483=CARTESIAN_POINT('',(5.,57.8333333333334,20.25));
#2484=CARTESIAN_POINT('',(5.,266.916666666667,40.5));
#2485=CARTESIAN_POINT('',(5.00000000000001,273.666666666667,9.5));
#2486=CARTESIAN_POINT('',(5.00000000000001,273.666666666667,40.5));
#2487=CARTESIAN_POINT('',(5.,273.666666666667,20.25));
#2488=CARTESIAN_POINT('',(5.00000000000001,299.666666666667,40.5));
#2489=CARTESIAN_POINT('',(4.99999999999999,374.833333333333,40.5));
#2490=CARTESIAN_POINT('',(5.00000000000001,299.666666666667,9.5));
#2491=CARTESIAN_POINT('',(5.,299.666666666667,4.75));
#2492=CARTESIAN_POINT('',(4.99999999999999,361.833333333333,9.5));
#2493=CARTESIAN_POINT('',(5.00000000000003,53.,40.5));
#2494=CARTESIAN_POINT('',(5.00000000000003,53.,9.5));
#2495=CARTESIAN_POINT('',(5.,53.,4.75));
#2496=CARTESIAN_POINT('',(5.00000000000003,27.0000000000001,9.5));
#2497=CARTESIAN_POINT('',(5.,238.5,9.5));
#2498=CARTESIAN_POINT('',(5.00000000000003,27.0000000000001,40.5));
#2499=CARTESIAN_POINT('',(5.,27.,20.25));
#2500=CARTESIAN_POINT('',(5.,251.5,40.5));
#2501=CARTESIAN_POINT('',(5.,304.5,9.5));
#2502=CARTESIAN_POINT('',(5.,304.5,40.5));
#2503=CARTESIAN_POINT('',(5.,304.5,20.25));
#2504=CARTESIAN_POINT('',(5.,330.5,40.5));
#2505=CARTESIAN_POINT('',(4.99999999999999,390.25,40.5));
#2506=CARTESIAN_POINT('',(5.,330.5,9.5));
#2507=CARTESIAN_POINT('',(4.99999999999999,330.5,4.75));
#2508=CARTESIAN_POINT('',(4.99999999999999,377.25,9.5));
#2509=CARTESIAN_POINT('',(5.,335.333333333333,9.5));
#2510=CARTESIAN_POINT('',(5.,335.333333333333,40.5));
#2511=CARTESIAN_POINT('',(4.99999999999999,335.333333333333,20.25));
#2512=CARTESIAN_POINT('',(5.,361.333333333333,40.5));
#2513=CARTESIAN_POINT('',(4.99999999999999,405.666666666667,40.5));
#2514=CARTESIAN_POINT('',(5.,361.333333333333,9.5));
#2515=CARTESIAN_POINT('',(4.99999999999999,361.333333333333,4.75));
#2516=CARTESIAN_POINT('',(4.99999999999999,392.666666666667,9.5));
#2517=CARTESIAN_POINT('',(4.99999999999999,423.,40.5));
#2518=CARTESIAN_POINT('',(4.99999999999999,423.,9.5));
#2519=CARTESIAN_POINT('',(4.99999999999999,423.,4.75));
#2520=CARTESIAN_POINT('',(4.99999999999999,397.,9.5));
#2521=CARTESIAN_POINT('',(4.99999999999999,423.5,9.5));
#2522=CARTESIAN_POINT('',(4.99999999999999,397.,40.5));
#2523=CARTESIAN_POINT('',(4.99999999999999,397.,20.25));
#2524=CARTESIAN_POINT('',(4.99999999999999,436.5,40.5));
#2525=CARTESIAN_POINT('',(4.99999999999999,366.166666666667,9.5));
#2526=CARTESIAN_POINT('',(4.99999999999999,366.166666666667,40.5));
#2527=CARTESIAN_POINT('',(4.99999999999999,366.166666666667,20.25));
#2528=CARTESIAN_POINT('',(4.99999999999999,392.166666666667,40.5));
#2529=CARTESIAN_POINT('',(4.99999999999999,421.083333333333,40.5));
#2530=CARTESIAN_POINT('',(4.99999999999999,392.166666666667,9.5));
#2531=CARTESIAN_POINT('',(4.99999999999999,392.166666666667,4.75));
#2532=CARTESIAN_POINT('',(4.99999999999999,408.083333333333,9.5));
#2533=CARTESIAN_POINT('Origin',(250.,40.,9.5));
#2534=CARTESIAN_POINT('',(250.,40.,40.5));
#2535=CARTESIAN_POINT('',(250.,40.,40.5));
#2536=CARTESIAN_POINT('',(250.,40.,9.5));
#2537=CARTESIAN_POINT('',(250.,40.,4.75));
#2538=CARTESIAN_POINT('',(250.,40.,9.5));
#2539=CARTESIAN_POINT('Origin',(250.,66.,9.5));
#2540=CARTESIAN_POINT('',(250.,66.,9.5));
#2541=CARTESIAN_POINT('',(250.,33.,9.5));
#2542=CARTESIAN_POINT('',(250.,66.,9.5));
#2543=CARTESIAN_POINT('Origin',(250.,66.,40.5));
#2544=CARTESIAN_POINT('',(250.,66.,40.5));
#2545=CARTESIAN_POINT('',(250.,66.,20.25));
#2546=CARTESIAN_POINT('',(250.,66.,40.5));
#2547=CARTESIAN_POINT('Origin',(250.,40.,40.5));
#2548=CARTESIAN_POINT('',(250.,20.,40.5));
#2549=CARTESIAN_POINT('Origin',(250.,400.,25.));
#2550=CARTESIAN_POINT('',(250.,397.25,25.));
#2551=CARTESIAN_POINT('Origin',(250.,400.,25.));
#2552=CARTESIAN_POINT('',(250.,397.25,25.));
#2553=CARTESIAN_POINT('Origin',(3.37186085365238E-14,27.0000000000001,40.5));
#2554=CARTESIAN_POINT('',(3.37186085365238E-14,27.0000000000001,40.5));
#2555=CARTESIAN_POINT('',(3.37186085365238E-14,27.0000000000001,9.5));
#2556=CARTESIAN_POINT('',(-4.01162336663005E-16,27.,20.25));
#2557=CARTESIAN_POINT('',(3.37186085365238E-14,27.0000000000001,40.5));
#2558=CARTESIAN_POINT('',(3.37186085365238E-14,27.0000000000001,9.5));
#2559=CARTESIAN_POINT('Origin',(3.37186085365238E-14,53.,40.5));
#2560=CARTESIAN_POINT('',(3.37186085365238E-14,53.,40.5));
#2561=CARTESIAN_POINT('',(-3.73675287669426E-15,251.5,40.5));
#2562=CARTESIAN_POINT('',(3.37186085365238E-14,53.,40.5));
#2563=CARTESIAN_POINT('Origin',(3.37186085365238E-14,53.,9.5));
#2564=CARTESIAN_POINT('',(3.37186085365238E-14,53.,9.5));
#2565=CARTESIAN_POINT('',(-7.87466809005154E-16,53.,4.75));
#2566=CARTESIAN_POINT('',(3.37186085365238E-14,53.,9.5));
#2567=CARTESIAN_POINT('Origin',(3.37186085365238E-14,27.0000000000001,9.5));
#2568=CARTESIAN_POINT('',(-3.54360064052319E-15,238.5,9.5));
#2569=CARTESIAN_POINT('Origin',(3.01943471923109E-14,57.8333333333334,40.5));
#2570=CARTESIAN_POINT('',(3.01943471923109E-14,57.8333333333334,40.5));
#2571=CARTESIAN_POINT('',(3.01943471923109E-14,57.8333333333334,9.5));
#2572=CARTESIAN_POINT('',(-8.5927981988927E-16,57.8333333333334,20.25));
#2573=CARTESIAN_POINT('',(3.01943471923109E-14,57.8333333333334,40.5));
#2574=CARTESIAN_POINT('',(3.01943471923109E-14,57.8333333333334,9.5));
#2575=CARTESIAN_POINT('Origin',(3.01943471923109E-14,83.8333333333333,40.5));
#2576=CARTESIAN_POINT('',(3.01943471923109E-14,83.8333333333333,40.5));
#2577=CARTESIAN_POINT('',(-3.96581161830739E-15,266.916666666667,40.5));
#2578=CARTESIAN_POINT('',(3.01943471923109E-14,83.8333333333333,40.5));
#2579=CARTESIAN_POINT('Origin',(3.01943471923109E-14,83.8333333333333,9.5));
#2580=CARTESIAN_POINT('',(3.01943471923109E-14,83.8333333333333,9.5));
#2581=CARTESIAN_POINT('',(-1.24558429223142E-15,83.8333333333333,4.75));
#2582=CARTESIAN_POINT('',(3.01943471923109E-14,83.8333333333333,9.5));
#2583=CARTESIAN_POINT('Origin',(3.01943471923109E-14,57.8333333333334,9.5));
#2584=CARTESIAN_POINT('',(-3.77265938213632E-15,253.916666666667,9.5));
#2585=CARTESIAN_POINT('Origin',(2.66700858480979E-14,88.6666666666667,40.5));
#2586=CARTESIAN_POINT('',(2.66700858480979E-14,88.6666666666667,40.5));
#2587=CARTESIAN_POINT('',(2.66700858480979E-14,88.6666666666667,9.5));
#2588=CARTESIAN_POINT('',(-1.31739730311554E-15,88.6666666666667,20.25));
#2589=CARTESIAN_POINT('',(2.66700858480979E-14,88.6666666666667,40.5));
#2590=CARTESIAN_POINT('',(2.66700858480979E-14,88.6666666666667,9.5));
#2591=CARTESIAN_POINT('Origin',(2.66700858480979E-14,114.666666666667,40.5));
#2592=CARTESIAN_POINT('',(2.66700858480979E-14,114.666666666667,40.5));
#2593=CARTESIAN_POINT('',(-4.19487035992053E-15,282.333333333333,40.5));
#2594=CARTESIAN_POINT('',(2.66700858480979E-14,114.666666666667,40.5));
#2595=CARTESIAN_POINT('Origin',(2.66700858480979E-14,114.666666666667,9.5));
#2596=CARTESIAN_POINT('',(2.66700858480979E-14,114.666666666667,9.5));
#2597=CARTESIAN_POINT('',(-1.70370177545769E-15,114.666666666667,4.75));
#2598=CARTESIAN_POINT('',(2.66700858480979E-14,114.666666666667,9.5));
#2599=CARTESIAN_POINT('Origin',(2.66700858480979E-14,88.6666666666667,9.5));
#2600=CARTESIAN_POINT('',(-4.00171812374945E-15,269.333333333333,9.5));
#2601=CARTESIAN_POINT('Origin',(2.3145824503885E-14,119.5,40.5));
#2602=CARTESIAN_POINT('',(2.3145824503885E-14,119.5,40.5));
#2603=CARTESIAN_POINT('',(2.3145824503885E-14,119.5,9.5));
#2604=CARTESIAN_POINT('',(-1.77551478634181E-15,119.5,20.25));
#2605=CARTESIAN_POINT('',(2.3145824503885E-14,119.5,40.5));
#2606=CARTESIAN_POINT('',(2.3145824503885E-14,119.5,9.5));
#2607=CARTESIAN_POINT('Origin',(2.3145824503885E-14,145.5,40.5));
#2608=CARTESIAN_POINT('',(2.3145824503885E-14,145.5,40.5));
#2609=CARTESIAN_POINT('',(-4.42392910153366E-15,297.75,40.5));
#2610=CARTESIAN_POINT('',(2.3145824503885E-14,145.5,40.5));
#2611=CARTESIAN_POINT('Origin',(2.3145824503885E-14,145.5,9.5));
#2612=CARTESIAN_POINT('',(2.3145824503885E-14,145.5,9.5));
#2613=CARTESIAN_POINT('',(-2.16181925868396E-15,145.5,4.75));
#2614=CARTESIAN_POINT('',(2.3145824503885E-14,145.5,9.5));
#2615=CARTESIAN_POINT('Origin',(2.3145824503885E-14,119.5,9.5));
#2616=CARTESIAN_POINT('',(-4.23077686536259E-15,284.75,9.5));
#2617=CARTESIAN_POINT('Origin',(1.9621563159672E-14,150.333333333333,40.5));
#2618=CARTESIAN_POINT('',(1.9621563159672E-14,150.333333333333,40.5));
#2619=CARTESIAN_POINT('',(1.9621563159672E-14,150.333333333333,9.5));
#2620=CARTESIAN_POINT('',(-2.23363226956807E-15,150.333333333333,20.25));
#2621=CARTESIAN_POINT('',(1.9621563159672E-14,150.333333333333,40.5));
#2622=CARTESIAN_POINT('',(1.9621563159672E-14,150.333333333333,9.5));
#2623=CARTESIAN_POINT('Origin',(1.9621563159672E-14,176.333333333333,40.5));
#2624=CARTESIAN_POINT('',(1.9621563159672E-14,176.333333333333,40.5));
#2625=CARTESIAN_POINT('',(-4.6529878431468E-15,313.166666666667,40.5));
#2626=CARTESIAN_POINT('',(1.9621563159672E-14,176.333333333333,40.5));
#2627=CARTESIAN_POINT('Origin',(1.9621563159672E-14,176.333333333333,9.5));
#2628=CARTESIAN_POINT('',(1.9621563159672E-14,176.333333333333,9.5));
#2629=CARTESIAN_POINT('',(-2.61993674191022E-15,176.333333333333,4.75));
#2630=CARTESIAN_POINT('',(1.9621563159672E-14,176.333333333333,9.5));
#2631=CARTESIAN_POINT('Origin',(1.9621563159672E-14,150.333333333333,9.5));
#2632=CARTESIAN_POINT('',(-4.45983560697572E-15,300.166666666667,9.5));
#2633=CARTESIAN_POINT('Origin',(1.60973018154591E-14,181.166666666667,40.5));
#2634=CARTESIAN_POINT('',(1.60973018154591E-14,181.166666666667,40.5));
#2635=CARTESIAN_POINT('',(1.60973018154591E-14,181.166666666667,9.5));
#2636=CARTESIAN_POINT('',(-2.69174975279434E-15,181.166666666667,20.25));
#2637=CARTESIAN_POINT('',(1.60973018154591E-14,181.166666666667,40.5));
#2638=CARTESIAN_POINT('',(1.60973018154591E-14,181.166666666667,9.5));
#2639=CARTESIAN_POINT('Origin',(1.60973018154591E-14,207.166666666667,40.5));
#2640=CARTESIAN_POINT('',(1.60973018154591E-14,207.166666666667,40.5));
#2641=CARTESIAN_POINT('',(-4.88204658475993E-15,328.583333333333,40.5));
#2642=CARTESIAN_POINT('',(1.60973018154591E-14,207.166666666667,40.5));
#2643=CARTESIAN_POINT('Origin',(1.60973018154591E-14,207.166666666667,9.5));
#2644=CARTESIAN_POINT('',(1.60973018154591E-14,207.166666666667,9.5));
#2645=CARTESIAN_POINT('',(-3.07805422513649E-15,207.166666666667,4.75));
#2646=CARTESIAN_POINT('',(1.60973018154591E-14,207.166666666667,9.5));
#2647=CARTESIAN_POINT('Origin',(1.60973018154591E-14,181.166666666667,9.5));
#2648=CARTESIAN_POINT('',(-4.68889434858886E-15,315.583333333333,9.5));
#2649=CARTESIAN_POINT('Origin',(1.25730404712462E-14,212.,40.5));
#2650=CARTESIAN_POINT('',(1.25730404712462E-14,212.,40.5));
#2651=CARTESIAN_POINT('',(1.25730404712462E-14,212.,9.5));
#2652=CARTESIAN_POINT('',(-3.14986723602061E-15,212.,20.25));
#2653=CARTESIAN_POINT('',(1.25730404712462E-14,212.,40.5));
#2654=CARTESIAN_POINT('',(1.25730404712462E-14,212.,9.5));
#2655=CARTESIAN_POINT('Origin',(1.25730404712462E-14,238.,40.5));
#2656=CARTESIAN_POINT('',(1.25730404712462E-14,238.,40.5));
#2657=CARTESIAN_POINT('',(-5.11110532637306E-15,344.,40.5));
#2658=CARTESIAN_POINT('',(1.25730404712462E-14,238.,40.5));
#2659=CARTESIAN_POINT('Origin',(1.25730404712462E-14,238.,9.5));
#2660=CARTESIAN_POINT('',(1.25730404712462E-14,238.,9.5));
#2661=CARTESIAN_POINT('',(-3.53617170836276E-15,238.,4.75));
#2662=CARTESIAN_POINT('',(1.25730404712462E-14,238.,9.5));
#2663=CARTESIAN_POINT('Origin',(1.25730404712462E-14,212.,9.5));
#2664=CARTESIAN_POINT('',(-4.91795309020199E-15,331.,9.5));
#2665=CARTESIAN_POINT('Origin',(9.04877912703322E-15,242.833333333333,40.5));
#2666=CARTESIAN_POINT('',(9.04877912703322E-15,242.833333333333,40.5));
#2667=CARTESIAN_POINT('',(9.04877912703322E-15,242.833333333333,9.5));
#2668=CARTESIAN_POINT('',(-3.60798471924688E-15,242.833333333333,20.25));
#2669=CARTESIAN_POINT('',(9.04877912703322E-15,242.833333333333,40.5));
#2670=CARTESIAN_POINT('',(9.04877912703322E-15,242.833333333333,9.5));
#2671=CARTESIAN_POINT('Origin',(9.04877912703322E-15,268.833333333333,40.5));
#2672=CARTESIAN_POINT('',(9.04877912703322E-15,268.833333333333,40.5));
#2673=CARTESIAN_POINT('',(-5.3401640679862E-15,359.416666666667,40.5));
#2674=CARTESIAN_POINT('',(9.04877912703322E-15,268.833333333333,40.5));
#2675=CARTESIAN_POINT('Origin',(9.04877912703322E-15,268.833333333333,9.5));
#2676=CARTESIAN_POINT('',(9.04877912703322E-15,268.833333333333,9.5));
#2677=CARTESIAN_POINT('',(-3.99428919158903E-15,268.833333333333,4.75));
#2678=CARTESIAN_POINT('',(9.04877912703322E-15,268.833333333333,9.5));
#2679=CARTESIAN_POINT('Origin',(9.04877912703322E-15,242.833333333333,9.5));
#2680=CARTESIAN_POINT('',(-5.14701183181512E-15,346.416666666667,9.5));
#2681=CARTESIAN_POINT('Origin',(5.52451778282028E-15,273.666666666667,40.5));
#2682=CARTESIAN_POINT('',(5.52451778282028E-15,273.666666666667,40.5));
#2683=CARTESIAN_POINT('',(5.52451778282028E-15,273.666666666667,9.5));
#2684=CARTESIAN_POINT('',(-4.06610220247315E-15,273.666666666667,20.25));
#2685=CARTESIAN_POINT('',(5.52451778282028E-15,273.666666666667,40.5));
#2686=CARTESIAN_POINT('',(5.52451778282028E-15,273.666666666667,9.5));
#2687=CARTESIAN_POINT('Origin',(5.52451778282028E-15,299.666666666667,40.5));
#2688=CARTESIAN_POINT('',(5.52451778282028E-15,299.666666666667,40.5));
#2689=CARTESIAN_POINT('',(-5.56922280959933E-15,374.833333333333,40.5));
#2690=CARTESIAN_POINT('',(5.52451778282028E-15,299.666666666667,40.5));
#2691=CARTESIAN_POINT('Origin',(5.52451778282028E-15,299.666666666667,9.5));
#2692=CARTESIAN_POINT('',(5.52451778282028E-15,299.666666666667,9.5));
#2693=CARTESIAN_POINT('',(-4.4524066748153E-15,299.666666666667,4.75));
#2694=CARTESIAN_POINT('',(5.52451778282028E-15,299.666666666667,9.5));
#2695=CARTESIAN_POINT('Origin',(5.52451778282028E-15,273.666666666667,9.5));
#2696=CARTESIAN_POINT('',(-5.37607057342826E-15,361.833333333333,9.5));
#2697=CARTESIAN_POINT('Origin',(2.00025643860734E-15,304.5,40.5));
#2698=CARTESIAN_POINT('',(2.00025643860734E-15,304.5,40.5));
#2699=CARTESIAN_POINT('',(2.00025643860734E-15,304.5,9.5));
#2700=CARTESIAN_POINT('',(-4.52421968569941E-15,304.5,20.25));
#2701=CARTESIAN_POINT('',(2.00025643860734E-15,304.5,40.5));
#2702=CARTESIAN_POINT('',(2.00025643860734E-15,304.5,9.5));
#2703=CARTESIAN_POINT('Origin',(2.00025643860734E-15,330.5,40.5));
#2704=CARTESIAN_POINT('',(2.00025643860734E-15,330.5,40.5));
#2705=CARTESIAN_POINT('',(-5.79828155121247E-15,390.25,40.5));
#2706=CARTESIAN_POINT('',(2.00025643860734E-15,330.5,40.5));
#2707=CARTESIAN_POINT('Origin',(2.00025643860734E-15,330.5,9.5));
#2708=CARTESIAN_POINT('',(2.00025643860734E-15,330.5,9.5));
#2709=CARTESIAN_POINT('',(-4.91052415804156E-15,330.5,4.75));
#2710=CARTESIAN_POINT('',(2.00025643860734E-15,330.5,9.5));
#2711=CARTESIAN_POINT('Origin',(2.00025643860734E-15,304.5,9.5));
#2712=CARTESIAN_POINT('',(-5.60512931504139E-15,377.25,9.5));
#2713=CARTESIAN_POINT('Origin',(-1.5240049056056E-15,335.333333333333,40.5));
#2714=CARTESIAN_POINT('',(-1.5240049056056E-15,335.333333333333,40.5));
#2715=CARTESIAN_POINT('',(-1.5240049056056E-15,335.333333333333,9.5));
#2716=CARTESIAN_POINT('',(-4.98233716892568E-15,335.333333333333,20.25));
#2717=CARTESIAN_POINT('',(-1.5240049056056E-15,335.333333333333,40.5));
#2718=CARTESIAN_POINT('',(-1.5240049056056E-15,335.333333333333,9.5));
#2719=CARTESIAN_POINT('Origin',(-1.5240049056056E-15,361.333333333333,40.5));
#2720=CARTESIAN_POINT('',(-1.5240049056056E-15,361.333333333333,40.5));
#2721=CARTESIAN_POINT('',(-6.0273402928256E-15,405.666666666667,40.5));
#2722=CARTESIAN_POINT('',(-1.5240049056056E-15,361.333333333333,40.5));
#2723=CARTESIAN_POINT('Origin',(-1.5240049056056E-15,361.333333333333,9.5));
#2724=CARTESIAN_POINT('',(-1.5240049056056E-15,361.333333333333,9.5));
#2725=CARTESIAN_POINT('',(-5.36864164126783E-15,361.333333333333,4.75));
#2726=CARTESIAN_POINT('',(-1.5240049056056E-15,361.333333333333,9.5));
#2727=CARTESIAN_POINT('Origin',(-1.5240049056056E-15,335.333333333333,9.5));
#2728=CARTESIAN_POINT('',(-5.83418805665452E-15,392.666666666667,9.5));
#2729=CARTESIAN_POINT('Origin',(-5.04826624981854E-15,366.166666666667,
40.5));
#2730=CARTESIAN_POINT('',(-5.04826624981854E-15,366.166666666667,40.5));
#2731=CARTESIAN_POINT('',(-5.04826624981854E-15,366.166666666667,9.5));
#2732=CARTESIAN_POINT('',(-5.44045465215195E-15,366.166666666667,20.25));
#2733=CARTESIAN_POINT('',(-5.04826624981854E-15,366.166666666667,40.5));
#2734=CARTESIAN_POINT('',(-5.04826624981854E-15,366.166666666667,9.5));
#2735=CARTESIAN_POINT('Origin',(-5.04826624981854E-15,392.166666666667,
40.5));
#2736=CARTESIAN_POINT('',(-5.04826624981854E-15,392.166666666667,40.5));
#2737=CARTESIAN_POINT('',(-6.25639903443873E-15,421.083333333333,40.5));
#2738=CARTESIAN_POINT('',(-5.04826624981854E-15,392.166666666667,40.5));
#2739=CARTESIAN_POINT('Origin',(-5.04826624981854E-15,392.166666666667,
9.5));
#2740=CARTESIAN_POINT('',(-5.04826624981854E-15,392.166666666667,9.5));
#2741=CARTESIAN_POINT('',(-5.8267591244941E-15,392.166666666667,4.75));
#2742=CARTESIAN_POINT('',(-5.04826624981854E-15,392.166666666667,9.5));
#2743=CARTESIAN_POINT('Origin',(-5.04826624981854E-15,366.166666666667,
9.5));
#2744=CARTESIAN_POINT('',(-6.06324679826766E-15,408.083333333333,9.5));
#2745=CARTESIAN_POINT('Origin',(-8.57252759403147E-15,397.,40.5));
#2746=CARTESIAN_POINT('',(-8.57252759403147E-15,397.,40.5));
#2747=CARTESIAN_POINT('',(-8.57252759403147E-15,397.,9.5));
#2748=CARTESIAN_POINT('',(-5.89857213537822E-15,397.,20.25));
#2749=CARTESIAN_POINT('',(-8.57252759403147E-15,397.,40.5));
#2750=CARTESIAN_POINT('',(-8.57252759403147E-15,397.,9.5));
#2751=CARTESIAN_POINT('Origin',(-8.57252759403147E-15,423.,40.5));
#2752=CARTESIAN_POINT('',(-8.57252759403147E-15,423.,40.5));
#2753=CARTESIAN_POINT('',(-6.48545777605187E-15,436.5,40.5));
#2754=CARTESIAN_POINT('',(-8.57252759403147E-15,423.,40.5));
#2755=CARTESIAN_POINT('Origin',(-8.57252759403147E-15,423.,9.5));
#2756=CARTESIAN_POINT('',(-8.57252759403147E-15,423.,9.5));
#2757=CARTESIAN_POINT('',(-6.28487660772037E-15,423.,4.75));
#2758=CARTESIAN_POINT('',(-8.57252759403147E-15,423.,9.5));
#2759=CARTESIAN_POINT('Origin',(-8.57252759403147E-15,397.,9.5));
#2760=CARTESIAN_POINT('',(-6.29230553988079E-15,423.5,9.5));
#2761=CARTESIAN_POINT('Origin',(250.,450.,0.));
#2762=CARTESIAN_POINT('',(250.,450.,0.));
#2763=CARTESIAN_POINT('',(-6.68603894438337E-15,450.,0.));
#2764=CARTESIAN_POINT('',(250.,450.,0.));
#2765=CARTESIAN_POINT('',(-6.68603894438337E-15,450.,50.));
#2766=CARTESIAN_POINT('',(-6.68603894438337E-15,450.,0.));
#2767=CARTESIAN_POINT('',(250.,450.,50.));
#2768=CARTESIAN_POINT('',(250.,450.,50.));
#2769=CARTESIAN_POINT('',(250.,450.,0.));
#2770=CARTESIAN_POINT('Origin',(250.,0.,0.));
#2771=CARTESIAN_POINT('',(250.,0.,0.));
#2772=CARTESIAN_POINT('',(250.,0.,0.));
#2773=CARTESIAN_POINT('',(250.,0.,50.));
#2774=CARTESIAN_POINT('',(250.,0.,50.));
#2775=CARTESIAN_POINT('',(250.,0.,0.));
#2776=CARTESIAN_POINT('Origin',(0.,0.,0.));
#2777=CARTESIAN_POINT('',(-9.86076131526265E-31,0.,0.));
#2778=CARTESIAN_POINT('',(0.,0.,0.));
#2779=CARTESIAN_POINT('',(-9.86076131526265E-31,0.,50.));
#2780=CARTESIAN_POINT('',(0.,0.,50.));
#2781=CARTESIAN_POINT('',(-9.86076131526265E-31,0.,0.));
#2782=CARTESIAN_POINT('Origin',(-6.68603894438337E-15,450.,0.));
#2783=CARTESIAN_POINT('',(-6.68603894438337E-15,450.,0.));
#2784=CARTESIAN_POINT('',(-6.68603894438337E-15,450.,50.));
#2785=CARTESIAN_POINT('Origin',(125.,225.,50.));
#2786=CARTESIAN_POINT('Origin',(125.,225.,0.));
#2787=UNCERTAINTY_MEASURE_WITH_UNIT(LENGTH_MEASURE(0.01),#2791,
'DISTANCE_ACCURACY_VALUE',
'Maximum model space distance between geometric entities at asserted c
onnectivities');
#2788=UNCERTAINTY_MEASURE_WITH_UNIT(LENGTH_MEASURE(0.01),#2791,
'DISTANCE_ACCURACY_VALUE',
'Maximum model space distance between geometric entities at asserted c
onnectivities');
#2789=(
GEOMETRIC_REPRESENTATION_CONTEXT(3)
GLOBAL_UNCERTAINTY_ASSIGNED_CONTEXT((#2787))
GLOBAL_UNIT_ASSIGNED_CONTEXT((#2791,#2793,#2794))
REPRESENTATION_CONTEXT('','3D')
);
#2790=(
GEOMETRIC_REPRESENTATION_CONTEXT(3)
GLOBAL_UNCERTAINTY_ASSIGNED_CONTEXT((#2788))
GLOBAL_UNIT_ASSIGNED_CONTEXT((#2791,#2793,#2794))
REPRESENTATION_CONTEXT('','3D')
);
#2791=(
LENGTH_UNIT()
NAMED_UNIT(*)
SI_UNIT(.MILLI.,.METRE.)
);
#2792=(
LENGTH_UNIT()
NAMED_UNIT(*)
SI_UNIT($,.METRE.)
);
#2793=(
NAMED_UNIT(*)
PLANE_ANGLE_UNIT()
SI_UNIT($,.RADIAN.)
);
#2794=(
NAMED_UNIT(*)
SI_UNIT($,.STERADIAN.)
SOLID_ANGLE_UNIT()
);
#2795=SHAPE_DEFINITION_REPRESENTATION(#2796,#2797);
#2796=PRODUCT_DEFINITION_SHAPE('',$,#2799);
#2797=SHAPE_REPRESENTATION('',(#1799),#2789);
#2798=PRODUCT_DEFINITION_CONTEXT('part definition',#2803,'design');
#2799=PRODUCT_DEFINITION('coreLight','coreLight v5',#2800,#2798);
#2800=PRODUCT_DEFINITION_FORMATION('',$,#2805);
#2801=PRODUCT_RELATED_PRODUCT_CATEGORY('coreLight v5','coreLight v5',(#2805));
#2802=APPLICATION_PROTOCOL_DEFINITION('international standard',
'automotive_design',2009,#2803);
#2803=APPLICATION_CONTEXT(
'Core Data for Automotive Mechanical Design Process');
#2804=PRODUCT_CONTEXT('part definition',#2803,'mechanical');
#2805=PRODUCT('coreLight','coreLight v5',$,(#2804));
#2806=PRESENTATION_STYLE_ASSIGNMENT((#2807));
#2807=SURFACE_STYLE_USAGE(.BOTH.,#2808);
#2808=SURFACE_SIDE_STYLE('',(#2809));
#2809=SURFACE_STYLE_FILL_AREA(#2810);
#2810=FILL_AREA_STYLE('Acier - Satin\X\E9',(#2811));
#2811=FILL_AREA_STYLE_COLOUR('Acier - Satin\X\E9',#2812);
#2812=COLOUR_RGB('Acier - Satin\X\E9',0.627450980392157,0.627450980392157,
0.627450980392157);
ENDSEC;
END-ISO-10303-21;
